method,threshold,precision,recall,f1,tp,fp,fn
Corr (full),0.3,0.3585129523432865,0.8633333333333333,0.506636859019142,1813,3244,287
Corr (full),0.5,0.36411549037580204,0.7566666666666667,0.4916460396039604,1589,2775,511
Corr (full),0.7,0.33820015927794,0.6066666666666667,0.4342935060507926,1274,2493,826
Corr (post-onset),0.3,0.36774339281680596,0.7752380952380953,0.49885092691895205,1628,2799,472
Corr (post-onset),0.5,0.3478157644824311,0.6976190476190476,0.4641951837769328,1465,2747,635
Corr (post-onset),0.7,0.32238193018480493,0.5980952380952381,0.418945963975984,1256,2640,844
Attention (post-onset),0.3,0.3888888888888889,1.0,0.56,2100,3300,0
Attention (post-onset),0.5,0.3888888888888889,1.0,0.56,2100,3300,0
Attention (post-onset),0.7,0.3887756992035562,0.9995238095238095,0.5598079743965861,2099,3300,1
