timestamp,value
1222819200,-1.0
1222840800,-1.0
1222862400,-1.0
1222884000,-1.0
1222905600,-1.0
1222927200,-1.0
1222948800,-1.0
1222970400,-1.0
1222992000,-1.0
1223013600,-1.0
1223035200,-1.0
1223056800,-1.0
1223078400,-1.0
1223100000,-1.0
1223121600,-1.0
1223143200,-1.0
1223164800,-1.0
1223186400,-1.0
1223208000,-1.0
1223229600,-1.0
1223251200,-1.0
1223272800,-1.0
1223294400,-1.0
1223316000,-1.0
1223337600,-1.0
1223359200,-1.0
1223380800,-1.0
1223402400,-1.0
1223424000,-1.0
1223445600,-1.0
1223467200,-1.0
1223488800,-1.0
1223510400,-1.0
1223532000,-1.0
1223553600,-1.0
1223575200,-1.0
1223596800,-1.0
1223618400,-1.0
1223640000,-1.0
1223661600,-1.0
1223683200,-1.0
1223704800,-1.0
1223726400,-1.0
1223748000,-1.0
1223769600,-1.0
1223791200,-1.0
1223812800,-1.0
1223834400,-1.0
1223856000,-1.0
1223877600,-1.0
1223899200,-1.0
1223920800,-1.0
1223942400,-1.0
1223964000,-1.0
1223985600,-1.0
1224007200,-1.0
1224028800,-1.0
1224050400,-1.0
1224072000,-1.0
1224093600,-1.0
1224115200,-1.0
1224136800,-1.0
1224158400,-1.0
1224180000,-1.0
1224201600,-1.0
1224223200,-1.0
1224244800,-1.0
1224266400,-1.0
1224288000,-1.0
1224309600,-1.0
1224331200,-1.0
1224352800,-1.0
1224374400,-1.0
1224396000,-1.0
1224417600,-1.0
1224439200,-1.0
1224460800,-1.0
1224482400,-1.0
1224504000,-1.0
1224525600,-1.0
1224547200,-1.0
1224568800,-1.0
1224590400,-1.0
1224612000,-1.0
1224633600,-1.0
1224655200,-1.0
1224676800,-1.0
1224698400,-1.0
1224720000,-1.0
1224741600,-1.0
1224763200,-1.0
1224784800,-1.0
1224806400,-1.0
1224828000,-1.0
1224849600,-1.0
1224871200,-1.0
1224892800,-1.0
1224914400,-1.0
1224936000,-1.0
1224957600,-1.0
1224979200,-1.0
1225000800,-1.0
1225022400,-1.0
1225044000,-1.0
1225065600,-1.0
1225087200,-1.0
1225108800,-1.0
1225130400,-1.0
1225152000,-1.0
1225173600,-1.0
1225195200,-1.0
1225216800,-1.0
1225238400,-1.0
1225260000,-1.0
1225281600,-1.0
1225303200,-1.0
1225324800,-1.0
1225346400,-1.0
1225368000,-1.0
1225389600,-1.0
1225411200,-1.0
1225432800,-1.0
1225454400,-1.0
1225476000,-1.0
1225497600,-1.0
1225519200,-1.0
1225540800,-1.0
1225562400,-1.0
1225584000,-1.0
1225605600,-1.0
1225627200,-1.0
1225648800,-1.0
1225670400,-1.0
1225692000,-1.0
1225713600,-1.0
1225735200,-1.0
1225756800,-1.0
1225778400,-1.0
1225800000,-1.0
1225821600,-1.0
1225843200,-1.0
1225864800,-1.0
1225886400,-1.0
1225908000,-1.0
1225929600,-1.0
1225951200,-1.0
1225972800,-1.0
1225994400,-1.0
1226016000,-1.0
1226037600,-1.0
1226059200,-1.0
1226080800,-1.0
1226102400,-1.0
1226124000,-1.0
1226145600,-1.0
1226167200,-1.0
1226188800,-1.0
1226210400,-1.0
1226232000,-1.0
1226253600,-1.0
1226275200,-1.0
1226296800,-1.0
1226318400,-1.0
1226340000,-1.0
1226361600,-1.0
1226383200,-1.0
1226404800,-1.0
1226426400,-1.0
1226448000,-1.0
1226469600,-1.0
1226491200,-1.0
1226512800,-1.0
1226534400,-1.0
1226556000,-1.0
1226577600,-1.0
1226599200,-1.0
1226620800,-1.0
1226642400,-1.0
1226664000,-1.0
1226685600,-1.0
1226707200,-1.0
1226728800,-1.0
1226750400,-1.0
1226772000,-1.0
1226793600,-1.0
1226815200,-1.0
1226836800,-1.0
1226858400,-1.0
1226880000,-1.0
1226901600,-1.0
1226923200,-1.0
1226944800,-1.0
1226966400,-1.0
1226988000,-1.0
1227009600,-1.0
1227031200,-1.0
1227052800,-1.0
1227074400,-1.0
1227096000,-1.0
1227117600,-1.0
1227139200,-1.0
1227160800,-1.0
1227182400,-1.0
1227204000,-1.0
1227225600,-1.0
1227247200,-1.0
1227268800,-1.0
1227290400,-1.0
1227312000,-1.0
1227333600,-1.0
1227355200,-1.0
1227376800,-1.0
1227398400,-1.0
1227420000,-1.0
1227441600,-1.0
1227463200,-1.0
1227484800,-1.0
1227506400,-1.0
1227528000,-1.0
1227549600,-1.0
1227571200,-1.0
1227592800,-1.0
1227614400,-1.0
1227636000,-1.0
1227657600,-1.0
1227679200,-1.0
1227700800,-1.0
1227722400,-1.0
1227744000,-1.0
1227765600,-1.0
1227787200,-1.0
1227808800,-1.0
1227830400,-1.0
1227852000,-1.0
1227873600,-1.0
1227895200,-1.0
1227916800,-1.0
1227938400,-1.0
1227960000,-1.0
1227981600,-1.0
1228003200,-1.0
1228024800,-1.0
1228046400,-1.0
1228068000,-1.0
1228089600,-1.0
1228111200,-1.0
1228132800,-1.0
1228154400,-1.0
1228176000,-1.0
1228197600,-1.0
1228219200,-1.0
1228240800,-1.0
1228262400,-1.0
1228284000,-1.0
1228305600,-1.0
1228327200,-1.0
1228348800,-1.0
1228370400,-1.0
1228392000,-1.0
1228413600,-1.0
1228435200,-1.0
1228456800,-1.0
1228478400,-1.0
1228500000,-1.0
1228521600,-1.0
1228543200,-1.0
1228564800,-1.0
1228586400,-1.0
1228608000,-1.0
1228629600,-1.0
1228651200,-1.0
1228672800,-1.0
1228694400,-1.0
1228716000,-1.0
1228737600,-1.0
1228759200,-1.0
1228780800,-1.0
1228802400,-1.0
1228824000,-1.0
1228845600,-1.0
1228867200,-1.0
1228888800,-1.0
1228910400,-1.0
1228932000,-1.0
1228953600,-1.0
1228975200,-1.0
1228996800,-1.0
1229018400,-1.0
1229040000,-1.0
1229061600,-1.0
1229083200,-1.0
1229104800,-1.0
1229126400,-1.0
1229148000,-1.0
1229169600,-1.0
1229191200,-1.0
1229212800,-1.0
1229234400,-1.0
1229256000,-1.0
1229277600,-1.0
1229299200,-1.0
1229320800,-1.0
1229342400,-1.0
1229364000,-1.0
1229385600,-1.0
1229407200,-1.0
1229428800,-1.0
1229450400,-1.0
1229472000,-1.0
1229493600,-1.0
1229515200,-1.0
1229536800,-1.0
1229558400,-1.0
1229580000,-1.0
1229601600,-1.0
1229623200,-1.0
1229644800,-1.0
1229666400,-1.0
1229688000,-1.0
1229709600,-1.0
1229731200,-1.0
1229752800,-1.0
1229774400,-1.0
1229796000,-1.0
1229817600,-1.0
1229839200,-1.0
1229860800,-1.0
1229882400,-1.0
1229904000,-1.0
1229925600,-1.0
1229947200,-1.0
1229968800,-1.0
1229990400,-1.0
1230012000,-1.0
1230033600,-1.0
1230055200,-1.0
1230076800,-1.0
1230098400,-1.0
1230120000,-1.0
1230141600,-1.0
1230163200,-1.0
1230184800,-1.0
1230206400,-1.0
1230228000,-1.0
1230249600,-1.0
1230271200,-1.0
1230292800,-1.0
1230314400,-1.0
1230336000,-1.0
1230357600,-1.0
1230379200,-1.0
1230400800,-1.0
1230422400,-1.0
1230444000,-1.0
1230465600,-1.0
1230487200,-1.0
1230508800,-1.0
1230530400,-1.0
1230552000,-1.0
1230573600,-1.0
1230595200,-1.0
1230616800,-1.0
1230638400,-1.0
1230660000,-1.0
1230681600,-1.0
1230703200,-1.0
1230724800,-1.0
1230746400,-1.0
1230768000,-1.0
1230789600,-1.0
1230811200,-1.0
1230832800,-1.0
1230854400,-1.0
1230876000,-1.0
1230897600,-1.0
1230919200,-1.0
1230940800,-1.0
1230962400,-1.0
1230984000,-1.0
1231005600,-1.0
1231027200,-1.0
1231048800,-1.0
1231070400,-1.0
1231092000,-1.0
1231113600,-1.0
1231135200,-1.0
1231156800,-1.0
1231178400,-1.0
1231200000,-1.0
1231221600,-1.0
1231243200,-1.0
1231264800,-1.0
1231286400,-1.0
1231308000,-1.0
1231329600,-1.0
1231351200,-1.0
1231372800,-1.0
1231394400,-1.0
1231416000,-1.0
1231437600,-1.0
1231459200,-1.0
1231480800,-1.0
1231502400,-1.0
1231524000,-1.0
1231545600,-1.0
1231567200,-1.0
1231588800,-1.0
1231610400,-1.0
1231632000,-1.0
1231653600,-1.0
1231675200,-1.0
1231696800,-1.0
1231718400,-1.0
1231740000,-1.0
1231761600,-1.0
1231783200,-1.0
1231804800,-1.0
1231826400,-1.0
1231848000,-1.0
1231869600,-1.0
1231891200,-1.0
1231912800,-1.0
1231934400,-1.0
1231956000,-1.0
1231977600,-1.0
1231999200,-1.0
1232020800,-1.0
1232042400,-1.0
1232064000,-1.0
1232085600,-1.0
1232107200,-1.0
1232128800,-1.0
1232150400,-1.0
1232172000,-1.0
1232193600,-1.0
1232215200,-1.0
1232236800,-1.0
1232258400,-1.0
1232280000,-1.0
1232301600,-1.0
1232323200,-1.0
1232344800,-1.0
1232366400,-1.0
1232388000,-1.0
1232409600,-1.0
1232431200,-1.0
1232452800,-1.0
1232474400,-1.0
1232496000,-1.0
1232517600,-1.0
1232539200,-1.0
1232560800,-1.0
1232582400,-1.0
1232604000,-1.0
1232625600,-1.0
1232647200,-1.0
1232668800,-1.0
1232690400,-1.0
1232712000,-1.0
1232733600,-1.0
1232755200,-1.0
1232776800,-1.0
1232798400,-1.0
1232820000,-1.0
1232841600,-1.0
1232863200,-1.0
1232884800,-1.0
1232906400,-1.0
1232928000,-1.0
1232949600,-1.0
1232971200,-1.0
1232992800,-1.0
1233014400,-1.0
1233036000,-1.0
1233057600,-1.0
1233079200,-1.0
1233100800,-1.0
1233122400,-1.0
1233144000,-1.0
1233165600,-1.0
1233187200,-1.0
1233208800,-1.0
1233230400,-1.0
1233252000,-1.0
1233273600,-1.0
1233295200,-1.0
1233316800,-1.0
1233338400,-1.0
1233360000,-1.0
1233381600,-1.0
1233403200,-1.0
1233424800,-1.0
1233446400,-1.0
1233468000,-1.0
1233489600,-1.0
1233511200,-1.0
1233532800,-1.0
1233554400,-1.0
1233576000,-1.0
1233597600,-1.0
1233619200,-1.0
1233640800,-1.0
1233662400,-1.0
1233684000,-1.0
1233705600,-1.0
1233727200,-1.0
1233748800,-1.0
1233770400,-1.0
1233792000,-1.0
1233813600,-1.0
1233835200,-1.0
1233856800,-1.0
1233878400,-1.0
1233900000,-1.0
1233921600,-1.0
1233943200,-1.0
1233964800,-1.0
1233986400,-1.0
1234008000,-1.0
1234029600,-1.0
1234051200,-1.0
1234072800,-1.0
1234094400,-1.0
1234116000,-1.0
1234137600,-1.0
1234159200,-1.0
1234180800,-1.0
1234202400,-1.0
1234224000,-1.0
1234245600,-1.0
1234267200,-1.0
1234288800,-1.0
1234310400,-1.0
1234332000,-1.0
1234353600,-1.0
1234375200,-1.0
1234396800,-1.0
1234418400,-1.0
1234440000,-1.0
1234461600,-1.0
1234483200,-1.0
1234504800,-1.0
1234526400,-1.0
1234548000,-1.0
1234569600,-1.0
1234591200,-1.0
1234612800,-1.0
1234634400,-1.0
1234656000,-1.0
1234677600,-1.0
1234699200,-1.0
1234720800,-1.0
1234742400,-1.0
1234764000,-1.0
1234785600,-1.0
1234807200,-1.0
1234828800,-1.0
1234850400,-1.0
1234872000,-1.0
1234893600,-1.0
1234915200,-1.0
1234936800,-1.0
1234958400,-1.0
1234980000,-1.0
1235001600,-1.0
1235023200,-1.0
1235044800,-1.0
1235066400,-1.0
1235088000,-1.0
1235109600,-1.0
1235131200,-1.0
1235152800,-1.0
1235174400,-1.0
1235196000,-1.0
1235217600,-1.0
1235239200,-1.0
1235260800,-1.0
1235282400,-1.0
1235304000,-1.0
1235325600,-1.0
1235347200,-1.0
1235368800,-1.0
1235390400,-1.0
1235412000,-1.0
1235433600,-1.0
1235455200,-1.0
1235476800,-1.0
1235498400,-1.0
1235520000,-1.0
1235541600,-1.0
1235563200,-1.0
1235584800,-1.0
1235606400,-1.0
1235628000,-1.0
1235649600,-1.0
1235671200,-1.0
1235692800,-1.0
1235714400,-1.0
1235736000,-1.0
1235757600,-1.0
1235779200,-1.0
1235800800,-1.0
1235822400,-1.0
1235844000,-1.0
1235865600,-1.0
1235887200,-1.0
1235908800,-1.0
1235930400,-1.0
1235952000,-1.0
1235973600,-1.0
1235995200,-1.0
1236016800,-1.0
1236038400,-1.0
1236060000,-1.0
1236081600,-1.0
1236103200,-1.0
1236124800,-1.0
1236146400,-1.0
1236168000,-1.0
1236189600,-1.0
1236211200,-1.0
1236232800,-1.0
1236254400,-1.0
1236276000,-1.0
1236297600,-1.0
1236319200,-1.0
1236340800,-1.0
1236362400,-1.0
1236384000,-1.0
1236405600,-1.0
1236427200,-1.0
1236448800,-1.0
1236470400,-1.0
1236492000,-1.0
1236513600,-1.0
1236535200,-1.0
1236556800,-1.0
1236578400,-1.0
1236600000,-1.0
1236621600,-1.0
1236643200,-1.0
1236664800,-1.0
1236686400,-1.0
1236708000,-1.0
1236729600,-1.0
1236751200,-1.0
1236772800,-1.0
1236794400,-1.0
1236816000,-1.0
1236837600,-1.0
1236859200,-1.0
1236880800,-1.0
1236902400,-1.0
1236924000,-1.0
1236945600,-1.0
1236967200,-1.0
1236988800,-1.0
1237010400,-1.0
1237032000,-1.0
1237053600,-1.0
1237075200,-1.0
1237096800,-1.0
1237118400,-1.0
1237140000,-1.0
1237161600,-1.0
1237183200,-1.0
1237204800,-1.0
1237226400,-1.0
1237248000,-1.0
1237269600,-1.0
1237291200,-1.0
1237312800,-1.0
1237334400,-1.0
1237356000,-1.0
1237377600,-1.0
1237399200,-1.0
1237420800,-1.0
1237442400,-1.0
1237464000,-1.0
1237485600,-1.0
1237507200,-1.0
1237528800,-1.0
1237550400,-1.0
1237572000,-1.0
1237593600,-1.0
1237615200,-1.0
1237636800,-1.0
1237658400,-1.0
1237680000,-1.0
1237701600,-1.0
1237723200,-1.0
1237744800,-1.0
1237766400,-1.0
1237788000,-1.0
1237809600,-1.0
1237831200,-1.0
1237852800,-1.0
1237874400,-1.0
1237896000,-1.0
1237917600,-1.0
1237939200,-1.0
1237960800,-1.0
1237982400,-1.0
1238004000,-1.0
1238025600,-1.0
1238047200,-1.0
1238068800,-1.0
1238090400,-1.0
1238112000,-1.0
1238133600,-1.0
1238155200,-1.0
1238176800,-1.0
1238198400,-1.0
1238220000,-1.0
1238241600,-1.0
1238263200,-1.0
1238284800,-1.0
1238306400,-1.0
1238328000,-1.0
1238349600,-1.0
1238371200,-1.0
1238392800,-1.0
1238414400,-1.0
1238436000,-1.0
1238457600,-1.0
1238479200,-1.0
1238500800,-1.0
1238522400,-1.0
1238544000,-1.0
1238565600,-1.0
1238587200,-1.0
1238608800,-1.0
1238630400,-1.0
1238652000,-1.0
1238673600,-1.0
1238695200,-1.0
1238716800,-1.0
1238738400,-1.0
1238760000,-1.0
1238781600,-1.0
1238803200,-1.0
1238824800,-1.0
1238846400,-1.0
1238868000,-1.0
1238889600,-1.0
1238911200,-1.0
1238932800,-1.0
1238954400,-1.0
1238976000,-1.0
1238997600,-1.0
1239019200,-1.0
1239040800,-1.0
1239062400,-1.0
1239084000,-1.0
1239105600,-1.0
1239127200,-1.0
1239148800,-1.0
1239170400,-1.0
1239192000,-1.0
1239213600,-1.0
1239235200,-1.0
1239256800,-1.0
1239278400,-1.0
1239300000,-1.0
1239321600,-1.0
1239343200,-1.0
1239364800,-1.0
1239386400,-1.0
1239408000,-1.0
1239429600,-1.0
1239451200,-1.0
1239472800,-1.0
1239494400,-1.0
1239516000,-1.0
1239537600,-1.0
1239559200,-1.0
1239580800,-1.0
1239602400,-1.0
1239624000,-1.0
1239645600,-1.0
1239667200,-1.0
1239688800,-1.0
1239710400,-1.0
1239732000,-1.0
1239753600,-1.0
1239775200,-1.0
1239796800,-1.0
1239818400,-1.0
1239840000,-1.0
1239861600,-1.0
1239883200,-1.0
1239904800,-1.0
1239926400,-1.0
1239948000,-1.0
1239969600,-1.0
1239991200,-1.0
1240012800,-1.0
1240034400,-1.0
1240056000,-1.0
1240077600,-1.0
1240099200,-1.0
1240120800,-1.0
1240142400,-1.0
1240164000,-1.0
1240185600,-1.0
1240207200,-1.0
1240228800,-1.0
1240250400,-1.0
1240272000,-1.0
1240293600,-1.0
1240315200,-1.0
1240336800,-1.0
1240358400,-1.0
1240380000,-1.0
1240401600,-1.0
1240423200,-1.0
1240444800,-1.0
1240466400,-1.0
1240488000,-1.0
1240509600,-1.0
1240531200,-1.0
1240552800,-1.0
1240574400,-1.0
1240596000,-1.0
1240617600,-1.0
1240639200,-1.0
1240660800,-1.0
1240682400,-1.0
1240704000,-1.0
1240725600,-1.0
1240747200,-1.0
1240768800,-1.0
1240790400,-1.0
1240812000,-1.0
1240833600,-1.0
1240855200,-1.0
1240876800,-1.0
1240898400,-1.0
1240920000,-1.0
1240941600,-1.0
1240963200,-1.0
1240984800,-1.0
1241006400,-1.0
1241028000,-1.0
1241049600,-1.0
1241071200,-1.0
1241092800,-1.0
1241114400,-1.0
1241136000,-1.0
1241157600,-1.0
1241179200,-1.0
1241200800,-1.0
1241222400,-1.0
1241244000,-1.0
1241265600,-1.0
1241287200,-1.0
1241308800,-1.0
1241330400,-1.0
1241352000,-1.0
1241373600,-1.0
1241395200,-1.0
1241416800,-1.0
1241438400,-1.0
1241460000,-1.0
1241481600,-1.0
1241503200,-1.0
1241524800,-1.0
1241546400,-1.0
1241568000,-1.0
1241589600,-1.0
1241611200,-1.0
1241632800,-1.0
1241654400,-1.0
1241676000,-1.0
1241697600,-1.0
1241719200,-1.0
1241740800,-1.0
1241762400,-1.0
1241784000,-1.0
1241805600,-1.0
1241827200,-1.0
1241848800,-1.0
1241870400,-1.0
1241892000,-1.0
1241913600,-1.0
1241935200,-1.0
1241956800,-1.0
1241978400,-1.0
1242000000,-1.0
1242021600,-1.0
1242043200,-1.0
1242064800,-1.0
1242086400,-1.0
1242108000,-1.0
1242129600,-1.0
1242151200,-1.0
1242172800,-1.0
1242194400,-1.0
1242216000,-1.0
1242237600,-1.0
1242259200,-1.0
1242280800,-1.0
1242302400,-1.0
1242324000,-1.0
1242345600,-1.0
1242367200,-1.0
1242388800,-1.0
1242410400,-1.0
1242432000,-1.0
1242453600,-1.0
1242475200,-1.0
1242496800,-1.0
1242518400,-1.0
1242540000,-1.0
1242561600,-1.0
1242583200,-1.0
1242604800,-1.0
1242626400,-1.0
1242648000,-1.0
1242669600,-1.0
1242691200,-1.0
1242712800,-1.0
1242734400,-1.0
1242756000,-1.0
1242777600,-1.0
1242799200,-1.0
1242820800,-1.0
1242842400,-1.0
1242864000,-1.0
1242885600,-1.0
1242907200,-1.0
1242928800,-1.0
1242950400,-1.0
1242972000,-1.0
1242993600,-1.0
1243015200,-1.0
1243036800,-1.0
1243058400,-1.0
1243080000,-1.0
1243101600,-1.0
1243123200,-1.0
1243144800,-1.0
1243166400,-1.0
1243188000,-1.0
1243209600,-1.0
1243231200,-1.0
1243252800,-1.0
1243274400,-1.0
1243296000,-1.0
1243317600,-1.0
1243339200,-1.0
1243360800,-1.0
1243382400,-1.0
1243404000,-1.0
1243425600,-1.0
1243447200,-1.0
1243468800,-1.0
1243490400,-1.0
1243512000,-1.0
1243533600,-1.0
1243555200,-1.0
1243576800,-1.0
1243598400,-1.0
1243620000,-1.0
1243641600,-1.0
1243663200,-1.0
1243684800,-1.0
1243706400,-1.0
1243728000,-1.0
1243749600,-1.0
1243771200,-1.0
1243792800,-1.0
1243814400,-0.960285941223193
1243836000,-0.9555202541699762
1243857600,-0.9539316918189039
1243879200,-0.9523431294678316
1243900800,-0.9507545671167593
1243922400,-0.949166004765687
1243944000,-0.9475774424146148
1243965600,-0.9459888800635425
1243987200,-0.9444003177124702
1244008800,-0.9364575059571089
1244030400,-0.9348689436060366
1244052000,-0.931691818903892
1244073600,-0.9285146942017475
1244095200,-0.9285146942017475
1244116800,-0.9221604447974583
1244138400,-0.8300238284352661
1244160000,-0.7347100873709294
1244181600,-0.6409849086576649
1244203200,-0.5822081016679905
1244224800,-0.5774424146147736
1244246400,-0.5504368546465449
1244268000,-0.5456711675933281
1244289600,-0.5440826052422558
1244311200,-0.5424940428911835
1244332800,-0.5424940428911835
1244354400,-0.5424940428911835
1244376000,-0.5329626687847498
1244397600,-0.5297855440826053
1244419200,-1.0
1244440800,-1.0
1244462400,-1.0
1244484000,-1.0
1244505600,-1.0
1244527200,-1.0
1244548800,-1.0
1244570400,-1.0
1244592000,-1.0
1244613600,-1.0
1244635200,-1.0
1244656800,-0.9761715647339158
1244678400,-0.8792692613185068
1244700000,-0.7839555202541699
1244721600,-0.6886417791898332
1244743200,-0.5933280381254964
1244764800,-0.4980142970611596
1244786400,-0.40270055599682286
1244808000,-0.3057982525814139
1244829600,-0.21048451151707714
1244851200,-0.11517077045274027
1244872800,-0.019857029388403502
1244894400,0.04845115170770442
1244916000,0.10246227164416188
1244937600,0.11675933280381257
1244959200,0.15170770452740268
1244980800,0.20254169976171554
1245002400,0.2978554408260523
1245024000,0.3931691818903891
1245045600,0.48848292295472584
1245067200,0.5837966640190626
1245088800,0.6854646544876886
1245110400,0.7807783955520253
1245132000,0.8760921366163621
1245153600,0.9618745035742651
1245175200,0.966640190627482
1245196800,0.9682287529785543
1245218400,0.9698173153296266
1245240000,0.9698173153296266
1245261600,0.9698173153296266
1245283200,0.9809372517871324
1245304800,0.9857029388403493
1245326400,0.9872915011914216
1245348000,0.9872915011914216
1245369600,0.9872915011914216
1245391200,0.9968228752978554
1245412800,0.9999999999999998
1245434400,-1.0
1245456000,-1.0
1245477600,-1.0
1245499200,-1.0
1245520800,-0.9984114376489277
1245542400,-0.9936457505957109
1245564000,-0.982525814138205
1245585600,-0.9634630659253376
1245607200,-0.9078633836378078
1245628800,-0.8665607625099285
1245650400,-1.0
1245672000,-0.8649722001588562
1245693600,-0.8379666401906275
1245715200,-0.8189038919777601
1245736800,-0.9968228752978554
1245758400,-0.9030976965845909
1245780000,-0.8077839555202542
1245801600,-0.7124702144559174
1245823200,-0.6171564733915806
1245844800,-0.4344718030182685
1245866400,-0.3359809372517871
1245888000,-0.24066719618745036
1245909600,-0.1453534551231136
1245931200,-0.05003971405877683
1245952800,0.05162827640984902
1245974400,0.14694201747418578
1245996000,0.24225575853852255
1246017600,0.3375694996028593
1246039200,0.4328832406671961
1246060800,0.44718030182684654
1246082400,0.4567116759332803
1246104000,-0.795075456711676
1246125600,0.4598888006354249
1246147200,-0.7871326449563145
1246168800,0.4710087370929308
1246190400,0.48689436060365354
1246212000,0.5107227958697378
1246233600,0.5313741064336774
1246255200,0.5599682287529784
1246276800,0.574265289912629
1246298400,0.5869737887212072
1246320000,0.6076250992851469
1246341600,0.6282764098490865
1246363200,0.6441620333598093
1246384800,0.6648133439237489
1246406400,0.682287529785544
1246428000,0.6981731532962667
1246449600,0.7045274027005559
1246471200,0.7299444003177125
1246492800,0.7426528991262906
1246514400,0.7712470214455915
1246536000,0.8030182684670373
1246557600,0.8109610802223985
1246579200,0.8300238284352659
1246600800,0.8395552025416997
1246622400,0.841143764892772
1246644000,0.8427323272438443
1246665600,0.12629070691024613
1246687200,0.8459094519459889
1246708800,0.1437648927720412
1246730400,0.14535345512311348
1246752000,0.16600476568705314
1246773600,0.1866560762509928
1246795200,0.24066719618745025
1246816800,0.25337569499602863
1246838400,0.2581413820492453
1246860000,0.2660841938046068
1246881600,0.2676727561556791
1246903200,0.2708498808578237
1246924800,0.27561556791104036
1246946400,0.27720413026211266
1246968000,0.27879269261318496
1246989600,0.27879269261318496
1247011200,0.27879269261318496
1247032800,0.3105639396346307
1247054400,0.31532962668784736
1247076000,0.32009531374106426
1247097600,0.32486100079428115
1247119200,0.32962668784749805
1247140800,0.3486894360603654
1247162400,0.36139793486894356
1247184000,0.36457505957108816
1247205600,-1.0
1247227200,-1.0
1247248800,-1.0
1247270400,-1.0
1247292000,-1.0
1247313600,-1.0
1247335200,-0.9539316918189039
1247356800,-0.891977760127085
1247378400,-0.7839555202541699
1247400000,-0.7776012708498808
1247421600,-0.7537728355837967
1247443200,-0.6902303415409055
1247464800,-0.9984114376489277
1247486400,-0.9904686258935663
1247508000,-0.9586973788721207
1247529600,-0.9269261318506752
1247551200,-0.8951548848292296
1247572800,-0.8633836378077839
1247594400,-0.8316123907863384
1247616000,-0.20095313741064347
1247637600,-0.19459888800635428
1247659200,-0.1866560762509929
1247680800,-0.17394757744241462
1247702400,-0.16759332803812554
1247724000,-0.1453534551231136
1247745600,-0.10087370929308981
1247767200,-0.061159650516282804
1247788800,-0.05639396346306602
1247810400,-0.05162827640984913
1247832000,-0.046862589356632345
1247853600,-0.03574265289912637
1247875200,-0.01509134233518672
1247896800,0.005559968228752821
1247918400,0.011914217633042012
1247940000,0.06592533756949948
1247961600,0.1850675138999205
1247983200,0.19777601270849865
1248004800,0.20889594916600474
1248026400,0.216838760921366
1248048000,0.2247815726767275
1248069600,0.2279586973788721
1248091200,0.23431294678316128
1248112800,0.23749007148530565
1248134400,0.24066719618745025
1248156000,0.24384432088959485
1248177600,0.25019857029388404
1248199200,0.25337569499602863
1248220800,0.2581413820492453
1248242400,0.2629070691024622
1248264000,0.27879269261318496
1248285600,0.35345512311358207
1248307200,0.3741064336775217
1248328800,0.3788721207307386
1248350400,0.3852263701350278
1248372000,0.3915806195393168
1248393600,0.40111199364575056
1248415200,0.40905480540111183
1248436800,0.4169976171564733
1248458400,0.4249404289118348
1248480000,0.4265289912629069
1248501600,0.4297061159650515
1248523200,0.4297061159650515
1248544800,0.4297061159650515
1248566400,0.44559173947577424
1248588000,0.44718030182684654
1248609600,0.45035742652899113
1248631200,0.4694201747418585
1248652800,0.4789515488482923
1248674400,0.48371723590150895
1248696000,0.49166004765687044
1248717600,0.49642573471008733
1248739200,0.5011914217633042
1248760800,0.5091342335186655
1248782400,0.5138999205718824
1248804000,0.5329626687847497
1248825600,0.5424940428911833
1248847200,0.5536139793486894
1248868800,0.556791104050834
1248890400,-1.0
1248912000,-1.0
1248933600,-1.0
1248955200,-1.0
1248976800,-1.0
1248998400,-1.0
1249020000,-1.0
1249041600,-0.9968228752978554
1249063200,-0.9094519459888801
1249084800,-0.8856235107227959
1249106400,-0.8840349483717236
1249128000,-0.8776806989674345
1249149600,-0.8713264495631454
1249171200,-0.8665607625099285
1249192800,-0.8602065131056393
1249214400,-0.8538522637013503
1249236000,-0.841143764892772
1249257600,-0.8363780778395552
1249279200,-0.8284352660841938
1249300800,-0.8109610802223988
1249322400,-0.8014297061159651
1249344000,-0.7982525814138205
1249365600,-0.7966640190627482
1249387200,-0.7887212073073868
1249408800,-0.7791898332009531
1249430400,-0.7760127084988087
1249452000,-0.7633042096902304
1249473600,-0.7505957108816521
1249495200,-0.7442414614773629
1249516800,-0.737887212073074
1249538400,-0.7315329626687848
1249560000,-0.7251787132644956
1249581600,-0.7188244638602066
1249603200,-0.7108816521048451
1249624800,-0.7077045274027005
1249646400,-0.7061159650516282
1249668000,-0.7061159650516282
1249689600,-0.7061159650516282
1249711200,-0.6965845909451946
1249732800,-0.69340746624305
1249754400,-0.6838760921366164
1249776000,-0.6806989674344719
1249797600,-0.6711675933280381
1249819200,-0.6679904686258935
1249840800,-0.6616362192216045
1249862400,-0.6600476568705322
1249884000,-0.6568705321683876
1249905600,-0.6568705321683876
1249927200,-0.6568705321683876
1249948800,-0.647339158061954
1249970400,-0.6441620333598094
1249992000,-0.6314535345512311
1250013600,-0.625099285146942
1250035200,-0.6187450357426529
1250056800,-0.6092136616362193
1250078400,-0.6060365369340747
1250100000,-0.5996822875297856
1250121600,-0.5933280381254964
1250143200,-0.5837966640190628
1250164800,-1.0
1250186400,-1.0
1250208000,-1.0
1250229600,-1.0
1250251200,-0.9618745035742653
1250272800,-0.949166004765687
1250294400,-0.9475774424146148
1250316000,-1.0
1250337600,-0.9984114376489277
1250359200,-0.9920571882446386
1250380800,-0.9857029388403495
1250402400,-0.9761715647339158
1250424000,-0.971405877680699
1250445600,-0.9586973788721207
1250467200,-0.9523431294678316
1250488800,-0.9412231930103256
1250510400,-0.9332803812549643
1250532000,-0.9237490071485306
1250553600,-0.920571882446386
1250575200,-0.9110405083399523
1250596800,-0.9078633836378078
1250618400,-0.8983320095313742
1250640000,-0.891977760127085
1250661600,-0.8729150119142176
1250683200,-0.8713264495631454
1250704800,-0.8697378872120731
1250726400,-0.8586179507545671
1250748000,-0.8522637013502781
1250769600,-0.8332009531374107
1250791200,-0.8252581413820492
1250812800,-0.69340746624305
1250834400,-0.6679904686258935
1250856000,-0.6441620333598094
1250877600,-0.56791104050834
1250899200,-0.4725972994440032
1250920800,-0.37728355837966643
1250942400,-0.29308975377283564
1250964000,-0.2676727561556792
1250985600,-0.25019857029388404
1251007200,-0.24861000794281185
1251028800,-0.22001588562351082
1251050400,-0.19777601270849887
1251072000,-0.1898332009531375
1251093600,-0.18030182684670382
1251115200,-0.17712470214455922
1251136800,-0.16282764098490865
1251158400,-0.15965051628276417
1251180000,-0.15647339158061957
1251201600,-0.15488482922954727
1251223200,-0.1517077045274028
1251244800,-0.1485305798252582
1251266400,-0.1453534551231136
1251288000,-0.1421763304209691
1251309600,-0.13899920571882451
1251331200,-0.13582208101667992
1251352800,-0.13423351866560762
1251374400,-0.13105639396346314
1251396000,-0.12629070691024624
1251417600,-0.12311358220810176
1251439200,-0.12152501985702946
1251460800,-0.11834789515488486
1251482400,-0.11358220810166808
1251504000,-0.11199364575059578
1251525600,-0.10881652104845119
1251547200,-0.10563939634630659
1251568800,-0.1024622716441621
1251590400,-0.10087370929308981
1251612000,-0.09769658459094521
1251633600,-0.09134233518665613
1251655200,-0.08657664813343924
1251676800,-0.08022239872915016
1251698400,-0.07704527402700556
1251720000,-0.07227958697378878
1251741600,-0.0659253375694997
1251763200,-0.061159650516282804
1251784800,-0.05003971405877683
1251806400,-0.04845115170770453
1251828000,-0.04368546465448775
1251849600,-0.03574265289912637
1251871200,-0.032565528196981774
1251892800,-0.02779984114376499
1251914400,-0.024622716441620396
1251936000,-0.016679904686259017
1251957600,-0.002382843526608447
1251979200,0.000794281175536149
1252000800,0.003971405877680745
1252022400,0.008737092930897417
1252044000,0.01350277998411431
1252065600,0.015091342335186608
1252087200,0.018268467037331204
1252108800,0.02779984114376477
1252130400,0.03415409054805396
1252152000,0.03574265289912626
1252173600,0.038919777601270855
1252195200,0.04209690230341545
1252216800,0.045274027005559825
1252238400,0.05003971405877672
1252260000,0.05480540111199361
1252281600,0.059571088165210506
1252303200,0.06433677521842718
1252324800,0.07069102462271637
1252346400,0.07386814932486097
1252368000,0.07704527402700556
1252389600,0.08022239872915016
1252411200,0.08339952343129453
1252432800,0.08816521048451142
1252454400,0.09293089753772832
1252476000,0.09769658459094521
1252497600,0.11517077045274027
1252519200,0.11834789515488486
1252540800,0.13582208101667992
1252562400,0.14853057982525808
1252584000,0.15488482922954727
1252605600,0.15965051628276394
1252627200,0.16282764098490854
1252648800,0.17077045274027003
1252670400,0.17394757744241462
1252692000,0.17553613979348692
1252713600,0.1787132644956313
1252735200,0.18824463860206508
1252756800,0.19301032565528198
1252778400,0.19459888800635428
1252800000,0.19777601270849865
1252821600,0.20095313741064325
1252843200,0.20413026211278784
1252864800,0.20571882446386014
1252886400,0.21048451151707703
1252908000,0.21366163621922163
1252929600,0.2152501985702937
1252951200,0.2184273232724383
1252972800,0.2231930103256552
1252994400,0.2263701350277998
1253016000,0.2279586973788721
1253037600,0.23113582208101668
1253059200,0.23590150913423336
1253080800,0.23749007148530565
1253102400,0.24066719618745025
1253124000,0.24384432088959485
1253145600,0.24543288324066714
1253167200,0.24861000794281174
1253188800,0.25178713264495634
1253210400,0.2597299444003176
1253232000,0.2692613185067514
1253253600,0.27720413026211266
1253275200,0.28514694201747415
1253296800,0.2930897537728354
1253318400,0.3010325655281969
1253340000,0.3042096902303415
1253361600,0.3057982525814138
1253383200,0.3057982525814138
1253404800,0.3057982525814138
1253426400,0.3089753772835584
1253448000,0.3089753772835584
1253469600,0.3089753772835584
1253491200,0.32803812549642575
1253512800,0.3312152501985701
1253534400,-1.0
1253556000,-1.0
1253577600,-1.0
1253599200,-1.0
1253620800,-1.0
1253642400,-1.0
1253664000,-1.0
1253685600,-0.9984114376489277
1253707200,-0.9952343129467831
1253728800,-0.9920571882446386
1253750400,-0.9904686258935663
1253772000,-0.9872915011914217
1253793600,-0.9841143764892772
1253815200,-0.9809372517871326
1253836800,-0.977760127084988
1253858400,-0.9745830023828436
1253880000,-0.9729944400317713
1253901600,-0.9698173153296267
1253923200,-0.9650516282764099
1253944800,-0.9634630659253376
1253966400,-0.960285941223193
1253988000,-0.9571088165210484
1254009600,-0.9555202541699762
1254031200,-0.9507545671167593
1254052800,-0.9475774424146148
1254074400,-0.9459888800635425
1254096000,-0.9428117553613979
1254117600,-0.9412231930103256
1254139200,-0.9364575059571089
1254160800,-0.931691818903892
1254182400,-0.9269261318506752
1254204000,-0.9237490071485306
1254225600,-0.9221604447974583
1254247200,-0.920571882446386
1254268800,-0.9173947577442415
1254290400,-0.9142176330420969
1254312000,-0.9078633836378078
1254333600,-0.9046862589356632
1254355200,-0.8999205718824463
1254376800,-0.8951548848292296
1254398400,-0.891977760127085
1254420000,-0.8903891977760128
1254441600,-0.8856235107227959
1254463200,-0.8824463860206513
1254484800,-0.8792692613185068
1254506400,-0.8760921366163622
1254528000,-0.8729150119142176
1254549600,-0.8713264495631454
1254571200,-0.8681493248610008
1254592800,-0.8554408260524226
1254614400,-0.8490865766481335
1254636000,-0.8459094519459889
1254657600,-0.8284352660841938
1254679200,-0.8252581413820492
1254700800,-0.8236695790309769
1254722400,-0.8204924543288324
1254744000,-0.8157267672756155
1254765600,-0.8141382049245434
1254787200,-0.8109610802223988
1254808800,-0.8077839555202542
1254830400,-0.8046068308181096
1254852000,-0.8030182684670373
1254873600,-0.7998411437648928
1254895200,-0.7871326449563145
1254916800,-0.7791898332009531
1254938400,-0.7696584590945195
1254960000,-0.7617156473391581
1254981600,-0.7537728355837967
1255003200,-0.7283558379666402
1255024800,-0.7267672756155679
1255046400,-0.7251787132644956
1255068000,-0.7220015885623511
1255089600,-0.7140587768069897
1255111200,-0.6902303415409055
1255132800,-0.6854646544876887
1255154400,-0.5647339158061955
1255176000,-0.5488482922954726
1255197600,-0.5393169181890389
1255219200,-0.5377283558379666
1255240800,-0.5138999205718825
1255262400,-0.5091342335186657
1255284000,-0.5043685464654488
1255305600,-0.4996028594122319
1255327200,-0.49483717235901514
1255348800,-0.49007148530579825
1255370400,-0.48848292295472595
1255392000,-0.48530579825258147
1255413600,-0.4805401111993646
1255435200,-0.4773629864972201
1255456800,-0.4741858617950755
1255478400,-0.4710087370929309
1255500000,-0.4678316123907864
1255521600,-0.4646544876886418
1255543200,-0.4614773629864972
1255564800,-0.45671167593328044
1255586400,-0.45512311358220814
1255608000,-0.45194598888006354
1255629600,-0.44718030182684676
1255651200,-0.44400317712470216
1255672800,-0.44082605242255757
1255694400,-0.4376489277204131
1255716000,-0.4328832406671962
1255737600,-0.4312946783161239
1255759200,-0.4281175536139794
1255780800,-0.4233518665607625
1255802400,-0.42017474185861803
1255824000,-0.41699761715647343
1255845600,-0.41382049245432884
1255867200,-0.40905480540111205
1255888800,-0.40746624305003976
1255910400,-0.40428911834789516
1255932000,-0.3995234312946784
1255953600,-0.3963463065925338
1255975200,-0.3931691818903892
1255996800,-0.3899920571882447
1256018400,-0.3852263701350278
1256040000,-0.3820492454328833
1256061600,-0.3788721207307387
1256083200,-0.37569499602859413
1256104800,-0.37251787132644965
1256126400,-0.36775218427323275
1256148000,-0.3566322478157268
1256169600,-0.33280381254964264
1256191200,-0.32803812549642575
1256212800,-0.32327243844320896
1256234400,-0.3137410643367753
1256256000,-0.3073868149324861
1256277600,-0.3042096902303416
1256299200,-0.2978554408260524
1256320800,-0.29626687847498023
1256342400,-0.29308975377283564
1256364000,-0.28991262907069104
1256385600,-0.28673550436854656
1256407200,-0.28355837966640196
1256428800,-0.28038125496425736
1256450400,-0.2772041302621129
1256472000,-0.272438443208896
1256493600,-0.2692613185067514
1256515200,-0.2644956314535346
1256536800,-0.26131850675139
1256558400,-0.2581413820492455
1256580000,-0.25496425734710093
1256601600,-0.24861000794281185
1256623200,-0.24702144559173955
1256644800,-0.24384432088959496
1256666400,-0.23907863383637817
1256688000,-0.23590150913423358
1256709600,-0.23272438443208898
1256731200,-0.2295472597299445
1256752800,-0.2231930103256553
1256774400,-0.221604447974583
1256796000,-0.21842732327243852
1256817600,-0.21366163621922163
1256839200,-0.21048451151707714
1256860800,-0.20730738681493255
1256882400,-0.20095313741064347
1256904000,-0.19777601270849887
1256925600,-0.19459888800635428
1256947200,-0.19301032565528198
1256968800,-0.1882446386020652
1256990400,-0.1834789515488483
1257012000,-0.181890389197776
1257033600,-0.17553613979348692
1257055200,-0.17235901509134233
1257076800,-0.16918189038919784
1257098400,-0.16441620333598095
1257120000,-0.16123907863383646
1257141600,-0.15488482922954727
1257163200,-0.1517077045274028
1257184800,-0.1501191421763305
1257206400,-0.1421763304209691
1257228000,-0.13899920571882451
1257249600,-0.13582208101667992
1257271200,-0.12946783161239084
1257292800,-0.12787926926131854
1257314400,-0.12470214455917394
1257336000,-0.11993645750595716
1257357600,-0.11675933280381257
1257379200,-0.11358220810166808
1257400800,-0.11040508339952348
1257422400,-0.1040508339952344
1257444000,-0.08816521048451154
1257465600,-0.08498808578236705
1257487200,-0.08181096108022246
1257508800,-0.05480540111199372
1257530400,-0.03574265289912637
1257552000,-0.02938840349483718
1257573600,-0.018268467037331315
1257595200,0.003971405877680745
1257616800,0.007148530579825119
1257638400,0.008737092930897417
1257660000,0.016679904686258906
1257681600,0.024622716441620174
1257703200,0.03415409054805396
1257724800,0.04209690230341545
1257746400,0.05003971405877672
1257768000,0.05798252581413821
1257789600,0.07227958697378867
1257811200,0.08022239872915016
1257832800,0.08339952343129453
1257854400,0.08498808578236683
1257876000,0.08498808578236683
1257897600,0.08498808578236683
1257919200,0.10405083399523418
1257940800,0.10722795869737878
1257962400,-1.0
1257984000,-1.0
1258005600,-1.0
1258027200,-0.9984114376489277
1258048800,-0.9952343129467831
1258070400,-0.9809372517871326
1258092000,-0.9745830023828436
1258113600,-0.9729944400317713
1258135200,-0.971405877680699
1258156800,-0.9698173153296267
1258178400,-0.9682287529785544
1258200000,-0.9666401906274822
1258221600,-0.960285941223193
1258243200,-0.9523431294678316
1258264800,-0.9507545671167593
1258286400,-0.9444003177124702
1258308000,-0.9428117553613979
1258329600,-0.9412231930103256
1258351200,-0.9396346306592533
1258372800,-0.9364575059571089
1258394400,-0.9237490071485306
1258416000,-0.9173947577442415
1258437600,-0.9158061953931692
1258459200,-0.9142176330420969
1258480800,-0.9110405083399523
1258502400,-0.9015091342335186
1258524000,-0.8951548848292296
1258545600,-0.8935663224781573
1258567200,-0.8872120730738682
1258588800,-0.8617950754567116
1258610400,-0.8554408260524226
1258632000,-0.8459094519459889
1258653600,-0.841143764892772
1258675200,-0.8332009531374107
1258696800,-0.8284352660841938
1258718400,-0.8236695790309769
1258740000,-0.8157267672756155
1258761600,-0.8014297061159651
1258783200,-0.7934868943606037
1258804800,-0.7855440826052422
1258826400,-0.7791898332009531
1258848000,-0.7696584590945195
1258869600,-0.7664813343923749
1258891200,-1.0
1258912800,-1.0
1258934400,-1.0
1258956000,-1.0
1258977600,-0.9984114376489277
1258999200,-0.9952343129467831
1259020800,-0.9936457505957109
1259042400,-0.9444003177124702
1259064000,-0.931691818903892
1259085600,-0.9285146942017475
1259107200,-1.0
1259128800,-1.0
1259150400,-0.9984114376489277
1259172000,-0.9968228752978554
1259193600,-0.988880063542494
1259215200,-0.9841143764892772
1259236800,-0.9682287529785544
1259258400,-0.9142176330420969
1259280000,-0.8713264495631454
1259301600,-0.8586179507545671
1259323200,-0.8506751389992058
1259344800,-0.8316123907863384
1259366400,-0.8109610802223988
1259388000,-0.7871326449563145
1259409600,-0.7458300238284352
1259431200,-0.7283558379666402
1259452800,-0.7267672756155679
1259474400,-0.7251787132644956
1259496000,-0.7172359015091343
1259517600,-0.6727561556791104
1259539200,-0.625099285146942
1259560800,-0.6092136616362193
1259582400,-0.6060365369340747
1259604000,-0.5933280381254964
1259625600,-0.5901509134233519
1259647200,-0.5885623510722796
1259668800,-0.5806195393169182
1259690400,-0.574265289912629
1259712000,-0.5663224781572678
1259733600,-0.5583796664019063
1259755200,-0.5504368546465449
1259776800,-0.5393169181890389
1259798400,-0.5361397934868943
1259820000,-0.5281969817315331
1259841600,-0.5218427323272439
1259863200,-0.5154884829229547
1259884800,-0.5091342335186657
1259906400,-0.5059571088165211
1259928000,-0.4996028594122319
1259949600,-0.49324861000794284
1259971200,-0.48689436060365376
1259992800,-0.48212867355043687
1260014400,-0.4789515488482923
1260036000,-0.4725972994440032
1260057600,-0.4662430500397141
1260079200,-0.4598888006354249
1260100800,-0.45353455123113584
1260122400,-0.45035742652899124
1260144000,-0.44876886417791906
1260165600,-0.44241461477362987
1260187200,-0.4376489277204131
1260208800,-0.4344718030182685
1260230400,-0.4281175536139794
1260252000,-0.4233518665607625
1260273600,-0.41858617950754573
1260295200,-0.41064336775218435
1260316800,-0.40270055599682286
1260338400,-0.3995234312946784
1260360000,-0.391580619539317
1260381600,-0.3868149324861001
1260403200,-0.3788721207307387
1260424800,-0.37251787132644965
1260446400,-0.36775218427323275
1260468000,-0.36298649722001597
1260489600,-0.3550436854646545
1260511200,-0.3486894360603654
1260532800,-0.3439237490071486
1260554400,-0.3391580619539317
1260576000,-0.33121525019857034
1260597600,-0.32803812549642575
1260619200,-0.32327243844320896
1260640800,-0.3169181890389198
1260662400,-0.312152501985703
1260684000,-0.3073868149324861
1260705600,-0.3042096902303416
1260727200,-0.301032565528197
1260748800,-0.2978554408260524
1260770400,-0.29150119142176334
1260792000,-0.28673550436854656
1260813600,-0.28038125496425736
1260835200,-0.2708498808578237
1260856800,-0.2692613185067514
1260878400,-0.2660841938046069
1260900000,-0.2629070691024623
1260921600,-0.2597299444003177
1260943200,-0.25655281969817323
1260964800,-0.25178713264495634
1260986400,-0.25019857029388404
1261008000,-0.24702144559173955
1261029600,-0.24225575853852266
1261051200,-0.24066719618745036
1261072800,-0.23749007148530588
1261094400,-0.23272438443208898
1261116000,-0.23113582208101668
1261137600,-0.2279586973788722
1261159200,-0.2231930103256553
1261180800,-0.221604447974583
1261202400,-0.21842732327243852
1261224000,-0.21366163621922163
1261245600,-0.21207307386814933
1261267200,-0.20889594916600485
1261288800,-0.20413026211278795
1261310400,-0.20254169976171565
1261332000,-0.19936457505957117
1261353600,-0.19459888800635428
1261375200,-0.19301032565528198
1261396800,-0.1898332009531375
1261418400,-0.1850675138999206
1261440000,-0.1834789515488483
1261461600,-0.18030182684670382
1261483200,-0.17553613979348692
1261504800,-0.17394757744241462
1261526400,-0.15806195393169187
1261548000,-0.15329626687847497
1261569600,-0.1485305798252582
1261591200,-0.13582208101667992
1261612800,-0.12470214455917394
1261634400,-0.11834789515488486
1261656000,-0.11675933280381257
1261677600,-0.10881652104845119
1261699200,-0.09928514694201751
1261720800,-0.09134233518665613
1261742400,-0.08339952343129475
1261764000,-0.07069102462271648
1261785600,-0.06910246227164418
1261807200,-0.0659253375694997
1261828800,-0.0643367752184274
1261850400,-0.0643367752184274
1261872000,-0.0643367752184274
1261893600,-0.059571088165210506
1261915200,-0.05639396346306602
1261936800,-0.053216838760921426
1261958400,-0.05003971405877683
1261980000,-0.046862589356632345
1262001600,-0.04368546465448775
1262023200,-0.04050833995234315
1262044800,-0.03574265289912637
1262066400,-0.032565528196981774
1262088000,-0.02938840349483718
1262109600,-0.026211278792692694
1262131200,-0.023034154090548098
1262152800,-0.019857029388403502
1262174400,-0.016679904686259017
1262196000,-0.013502779984114421
1262217600,-0.008737092930897639
1262239200,-0.005559968228753043
1262260800,-0.002382843526608447
1262282400,0.002382843526608447
1262304000,0.005559968228752821
1262325600,0.008737092930897417
1262347200,0.011914217633042012
1262368800,0.016679904686258906
1262390400,0.019857029388403502
1262412000,0.023034154090548098
1262433600,0.026211278792692472
1262455200,0.029388403494837068
1262476800,0.03415409054805396
1262498400,0.04368546465448753
1262520000,0.05162827640984902
1262541600,0.059571088165210506
1262563200,0.061159650516282804
1262584800,0.06433677521842718
1262606400,0.06433677521842718
1262628000,0.06433677521842718
1262649600,0.08339952343129453
1262671200,0.08657664813343913
1262692800,-1.0
1262714400,-1.0
1262736000,-1.0
1262757600,-0.9618745035742653
1262779200,-0.949166004765687
1262800800,-0.9459888800635425
1262822400,-1.0
1262844000,-1.0
1262865600,-1.0
1262887200,-1.0
1262908800,-0.9634630659253376
1262930400,-0.931691818903892
1262952000,-0.9094519459888801
1262973600,-0.9030976965845909
1262995200,-0.9015091342335186
1263016800,-0.8697378872120731
1263038400,-0.8522637013502781
1263060000,-0.8427323272438443
1263081600,-0.8379666401906275
1263103200,-0.8061953931691819
1263124800,-0.8030182684670373
1263146400,-0.8014297061159651
1263168000,-0.7998411437648928
1263189600,-0.7887212073073868
1263211200,-0.7855440826052422
1263232800,-0.7791898332009531
1263254400,-0.7680698967434472
1263276000,-0.7585385226370135
1263297600,-0.7537728355837967
1263319200,-0.7410643367752184
1263340800,-0.7331215250198571
1263362400,-0.7283558379666402
1263384000,-0.7267672756155679
1263405600,-0.7188244638602066
1263427200,-0.7172359015091343
1263448800,-0.7124702144559174
1263470400,-0.7077045274027005
1263492000,-0.7013502779984114
1263513600,-0.6965845909451946
1263535200,-0.6918189038919778
1263556800,-0.6838760921366164
1263578400,-0.6806989674344719
1263600000,-0.6775218427323273
1263621600,-0.6727561556791104
1263643200,-0.6679904686258935
1263664800,-0.6521048451151708
1263686400,-0.6489277204130262
1263708000,-0.6298649722001588
1263729600,-0.6060365369340747
1263751200,-0.6028594122319302
1263772800,-0.6012708498808579
1263794400,-0.5885623510722796
1263816000,-0.5853852263701351
1263837600,-0.5822081016679905
1263859200,-0.5790309769658459
1263880800,-0.5774424146147736
1263902400,-0.574265289912629
1263924000,-0.5710881652104846
1263945600,-0.5694996028594123
1263967200,-0.5631453534551232
1263988800,-0.5536139793486894
1264010400,-0.5440826052422558
1264032000,-0.5361397934868943
1264053600,-0.5281969817315331
1264075200,-0.4996028594122319
1264096800,-0.49642573471008744
1264118400,-1.0
1264140000,-1.0
1264161600,-1.0
1264183200,-1.0
1264204800,-1.0
1264226400,-1.0
1264248000,-1.0
1264269600,-1.0
1264291200,-0.9984114376489277
1264312800,-0.9857029388403495
1264334400,-0.9809372517871326
1264356000,-0.9729944400317713
1264377600,-0.971405877680699
1264399200,-0.9221604447974583
1264420800,-0.9094519459888801
1264442400,-0.9078633836378078
1264464000,-1.0
1264485600,-0.9571088165210484
1264507200,-0.9444003177124702
1264528800,-0.9412231930103256
1264550400,-1.0
1264572000,-0.9984114376489277
1264593600,-0.9952343129467831
1264615200,-0.988880063542494
1264636800,-0.982525814138205
1264658400,-0.9761715647339158
1264680000,-0.9729944400317713
1264701600,-0.9666401906274822
1264723200,-0.960285941223193
1264744800,-0.9571088165210484
1264766400,-0.9507545671167593
1264788000,-0.9444003177124702
1264809600,-0.938046068308181
1264831200,-0.9348689436060366
1264852800,-0.9285146942017475
1264874400,-0.9126290706910246
1264896000,-0.9030976965845909
1264917600,-0.8983320095313742
1264939200,-0.891977760127085
1264960800,-0.8729150119142176
1264982400,-0.8697378872120731
1265004000,-0.8633836378077839
1265025600,-0.8602065131056393
1265047200,-0.8522637013502781
1265068800,-0.8474980142970612
1265090400,-0.8379666401906275
1265112000,-0.8363780778395552
1265133600,-0.8300238284352661
1265155200,-0.8236695790309769
1265176800,-0.8189038919777601
1265198400,-0.8173153296266878
1265220000,-0.8109610802223988
1265241600,-0.8046068308181096
1265263200,-0.8030182684670373
1265284800,-0.7934868943606037
1265306400,-0.7903097696584591
1265328000,-0.7823669579030977
1265349600,-0.7807783955520254
1265371200,-0.7712470214455918
1265392800,-0.7680698967434472
1265414400,-0.7585385226370135
1265436000,-0.7505957108816521
1265457600,-0.7410643367752184
1265479200,-0.7362986497220017
1265500800,-0.7283558379666402
1265522400,-0.7235901509134234
1265544000,-0.715647339158062
1265565600,-0.7124702144559174
1265587200,-0.7108816521048451
1265608800,-0.7077045274027005
1265630400,-0.7061159650516282
1265652000,-0.6997617156473392
1265673600,-0.6918189038919778
1265695200,-0.675933280381255
1265716800,-0.6679904686258935
1265738400,-0.6600476568705322
1265760000,-0.6521048451151708
1265781600,-0.6457505957108817
1265803200,-0.6441620333598094
1265824800,-0.6346306592533757
1265846400,-1.0
1265868000,-1.0
1265889600,-1.0
1265911200,-1.0
1265932800,-1.0
1265954400,-1.0
1265976000,-1.0
1265997600,-1.0
1266019200,-1.0
1266040800,-1.0
1266062400,-1.0
1266084000,-1.0
1266105600,-0.8999205718824463
1266127200,-0.7966640190627482
1266148800,-0.7760127084988087
1266170400,-0.7617156473391581
1266192000,-0.7601270849880858
1266213600,-0.7394757744241461
1266235200,-0.7362986497220017
1266256800,-0.7315329626687848
1266278400,-0.7235901509134234
1266300000,-0.7204130262112788
1266321600,-0.7140587768069897
1266343200,-0.7077045274027005
1266364800,-0.704527402700556
1266386400,-0.698173153296267
1266408000,-0.6918189038919778
1266429600,-0.6775218427323273
1266451200,-0.6711675933280381
1266472800,-0.6552819698173153
1266494400,-0.6378077839555203
1266516000,-0.6330420969023034
1266537600,-0.6298649722001588
1266559200,-0.6235107227958698
1266580800,-0.6203335980937252
1266602400,-0.613979348689436
1266624000,-0.6092136616362193
1266645600,-0.6044479745830025
1266667200,-0.5996822875297856
1266688800,-0.5933280381254964
1266710400,-0.5901509134233519
1266732000,-0.5822081016679905
1266753600,-0.5758538522637013
1266775200,-0.5663224781572678
1266796800,-0.5599682287529786
1266818400,-0.5440826052422558
1266840000,-0.5361397934868943
1266861600,-0.534551231135822
1266883200,-0.5250198570293885
1266904800,-0.517077045274027
1266926400,-0.48212867355043687
1266948000,-0.45194598888006354
1266969600,-0.4344718030182685
1266991200,-0.4249404289118348
1267012800,-0.42017474185861803
1267034400,-0.3899920571882447
1267056000,-0.3820492454328833
1267077600,-0.380460683081811
1267099200,-0.37092930897537735
1267120800,-0.36298649722001597
1267142400,-0.3486894360603654
1267164000,-0.3137410643367753
1267185600,-0.3089753772835584
1267207200,-0.3073868149324861
1267228800,-0.3026211278792693
1267250400,-0.29626687847498023
1267272000,-0.28991262907069104
1267293600,-0.28355837966640196
1267315200,-0.28196981731532966
1267336800,-0.25337569499602863
1267358400,-0.2279586973788722
1267380000,-0.21366163621922163
1267401600,-0.21048451151707714
1267423200,-0.20730738681493255
1267444800,-0.20413026211278795
1267466400,-0.20095313741064347
1267488000,-0.19777601270849887
1267509600,-0.19301032565528198
1267531200,-0.1898332009531375
1267552800,-0.1882446386020652
1267574400,-0.1834789515488483
1267596000,-0.18030182684670382
1267617600,-0.17712470214455922
1267639200,-0.17394757744241462
1267660800,-0.16441620333598095
1267682400,-0.15488482922954727
1267704000,-0.1469420174741859
1267725600,-0.13899920571882451
1267747200,-0.13105639396346314
1267768800,-0.11993645750595716
1267790400,-0.11675933280381257
1267812000,-0.11517077045274027
1267833600,-0.11517077045274027
1267855200,-0.11517077045274027
1267876800,-0.11517077045274027
1267898400,-0.11040508339952348
1267920000,-0.10722795869737889
1267941600,-0.10722795869737889
1267963200,-0.10722795869737889
1267984800,-0.09769658459094521
1268006400,-0.09293089753772843
1268028000,-0.08022239872915016
1268049600,-0.07545671167593337
1268071200,-0.06751389992057188
1268092800,-0.0627482128673551
1268114400,-0.04845115170770453
1268136000,-0.04527402700556005
1268157600,-1.0
1268179200,-1.0
1268200800,-1.0
1268222400,-1.0
1268244000,-1.0
1268265600,-1.0
1268287200,-1.0
1268308800,-1.0
1268330400,-1.0
1268352000,-0.9968228752978554
1268373600,-0.9952343129467831
1268395200,-0.9872915011914217
1268416800,-0.982525814138205
1268438400,-0.9666401906274822
1268460000,-0.960285941223193
1268481600,-0.8554408260524226
1268503200,-0.7521842732327244
1268524800,-0.6838760921366164
1268546400,-0.6616362192216045
1268568000,-0.613979348689436
1268589600,-0.5552025416997617
1268611200,-0.5297855440826053
1268632800,-0.5250198570293885
1268654400,-0.49483717235901514
1268676000,-0.44876886417791906
1268697600,-0.40270055599682286
1268719200,-0.3963463065925338
1268740800,-0.3947577442414615
1268762400,-0.391580619539317
1268784000,-0.3899920571882447
1268805600,-0.3836378077839555
1268827200,-0.37410643367752183
1268848800,-0.3359809372517871
1268870400,-0.33121525019857034
1268892000,-0.31850675138999207
1268913600,-0.3057982525814139
1268935200,-0.301032565528197
1268956800,-0.28673550436854656
1268978400,-0.2660841938046069
1269000000,-0.2629070691024623
1269021600,-0.2581413820492455
1269043200,-0.24543288324066725
1269064800,-0.23749007148530588
1269086400,-0.23272438443208898
1269108000,-0.2279586973788722
1269129600,-0.21683876092136622
1269151200,-0.21207307386814933
1269172800,-0.20095313741064347
1269194400,-0.1898332009531375
1269216000,-0.181890389197776
1269237600,-0.17394757744241462
1269259200,-0.16918189038919784
1269280800,-0.16600476568705325
1269302400,-0.15806195393169187
1269324000,-0.15488482922954727
1269345600,-0.1469420174741859
1269367200,-0.1437648927720413
1269388800,-0.13582208101667992
1269410400,-0.13423351866560762
1269432000,-0.12787926926131854
1269453600,-0.1040508339952344
1269475200,-0.10087370929308981
1269496800,-0.09928514694201751
1269518400,-0.09134233518665613
1269540000,-0.08181096108022246
1269561600,-0.07386814932486108
1269583200,-0.06751389992057188
1269604800,-0.04845115170770453
1269626400,-0.046862589356632345
1269648000,-0.04368546465448775
1269669600,-0.038919777601270855
1269691200,-0.026211278792692694
1269712800,-0.019857029388403502
1269734400,-0.016679904686259017
1269756000,-0.008737092930897639
1269777600,-0.003971405877680745
1269799200,0.002382843526608447
1269820800,0.008737092930897417
1269842400,0.015091342335186608
1269864000,0.018268467037331204
1269885600,0.026211278792692472
1269907200,0.029388403494837068
1269928800,0.03256552819698166
1269950400,0.038919777601270855
1269972000,0.04209690230341545
1269993600,0.05003971405877672
1270015200,0.053216838760921314
1270036800,0.059571088165210506
1270058400,0.06274821286735488
1270080000,0.06433677521842718
1270101600,0.07069102462271637
1270123200,0.07863383637807786
1270144800,0.08181096108022223
1270166400,0.08816521048451142
1270188000,0.09451945988880062
1270209600,0.09928514694201751
1270231200,0.10563939634630648
1270252800,0.11199364575059567
1270274400,0.11834789515488486
1270296000,0.12311358220810154
1270317600,0.12946783161239073
1270339200,0.13582208101667992
1270360800,0.1421763304209689
1270382400,0.14694201747418578
1270404000,0.15488482922954727
1270425600,0.15965051628276394
1270447200,0.16282764098490854
1270468800,0.16759332803812543
1270490400,0.17077045274027003
1270512000,0.17394757744241462
1270533600,0.1834789515488482
1270555200,0.19142176330420968
1270576800,0.19936457505957095
1270598400,0.20730738681493244
1270620000,0.2152501985702937
1270641600,0.216838760921366
1270663200,0.2200158856235106
1270684800,0.2216044479745829
1270706400,0.2216044479745829
1270728000,0.2216044479745829
1270749600,0.2279586973788721
1270771200,0.24066719618745025
1270792800,0.24384432088959485
1270814400,-1.0
1270836000,-1.0
1270857600,-1.0
1270879200,-1.0
1270900800,-1.0
1270922400,-1.0
1270944000,-1.0
1270965600,-1.0
1270987200,-1.0
1271008800,-1.0
1271030400,-0.9142176330420969
1271052000,-0.9062748212867355
1271073600,-0.891977760127085
1271095200,-0.8665607625099285
1271116800,-0.8570293884034949
1271138400,-0.8522637013502781
1271160000,-0.8506751389992058
1271181600,-0.8427323272438443
1271203200,-0.8347895154884829
1271224800,-0.8141382049245434
1271246400,-0.8125496425734711
1271268000,-0.8014297061159651
1271289600,-0.7744241461477364
1271311200,-0.7537728355837967
1271332800,-0.7331215250198571
1271354400,-0.7220015885623511
1271376000,-0.7172359015091343
1271397600,-0.698173153296267
1271419200,-0.6711675933280381
1271440800,-0.6632247815726767
1271462400,-0.6584590945194599
1271484000,-0.653693407466243
1271505600,-0.6457505957108817
1271527200,-0.636219221604448
1271548800,-0.6330420969023034
1271570400,-0.6266878474980143
1271592000,-0.6235107227958698
1271613600,-0.6203335980937252
1271635200,-0.6123907863383637
1271656800,-0.607625099285147
1271678400,-0.6044479745830025
1271700000,-0.5980937251787133
1271721600,-0.596505162827641
1271743200,-0.5917394757744241
1271764800,-0.5853852263701351
1271786400,-0.5726767275615567
1271808000,-0.5583796664019063
1271829600,-0.5488482922954726
1271851200,-0.5218427323272439
1271872800,-0.517077045274027
1271894400,-0.5107227958697379
1271916000,-0.5043685464654488
1271937600,-0.4980142970611596
1271959200,-0.49642573471008744
1271980800,-0.49324861000794284
1272002400,-0.48848292295472595
1272024000,-0.4773629864972201
1272045600,-0.4662430500397141
1272067200,-0.4614773629864972
1272088800,-0.45671167593328044
1272110400,-0.45035742652899124
1272132000,-0.44082605242255757
1272153600,-0.4360603653693408
1272175200,-0.4265289912629071
1272196800,-0.3995234312946784
1272218400,-0.391580619539317
1272240000,-0.3899920571882447
1272261600,-0.3884034948371724
1272283200,-0.37410643367752183
1272304800,-0.36616362192216045
1272326400,-0.3582208101667991
1272348000,-0.3502779984114377
1272369600,-0.3471008737092931
1272391200,-0.32644956314535345
1272412800,-0.32327243844320896
1272434400,-1.0
1272456000,-1.0
1272477600,-1.0
1272499200,-1.0
1272520800,-1.0
1272542400,-1.0
1272564000,-0.9968228752978554
1272585600,-0.9841143764892772
1272607200,-0.9809372517871326
1272628800,-1.0
1272650400,-1.0
1272672000,-0.9158061953931692
1272693600,-0.8760921366163622
1272715200,-0.8332009531374107
1272736800,-0.7521842732327244
1272758400,-0.6886417791898332
1272780000,-0.6330420969023034
1272801600,-0.556791104050834
1272823200,-0.4980142970611596
1272844800,-0.4694201747418586
1272866400,-0.44718030182684676
1272888000,-0.36457505957108816
1272909600,-0.28673550436854656
1272931200,-0.2740270055599683
1272952800,-0.2708498808578237
1272974400,-1.0
1272996000,-0.9809372517871326
1273017600,-0.9793486894360603
1273039200,-0.971405877680699
1273060800,-0.9698173153296267
1273082400,-0.9682287529785544
1273104000,-0.9650516282764099
1273125600,-0.9571088165210484
1273147200,-0.9523431294678316
1273168800,-0.9459888800635425
1273190400,-0.9396346306592533
1273212000,-0.9364575059571089
1273233600,-0.9301032565528197
1273255200,-0.9237490071485306
1273276800,-0.9189833200953137
1273298400,-0.9126290706910246
1273320000,-0.9062748212867355
1273341600,-0.8999205718824463
1273363200,-0.8967434471803019
1273384800,-0.891977760127085
1273406400,-0.8856235107227959
1273428000,-0.8792692613185068
1273449600,-0.8760921366163622
1273471200,-0.8697378872120731
1273492800,-0.8633836378077839
1273514400,-0.8586179507545671
1273536000,-0.8522637013502781
1273557600,-0.8490865766481335
1273579200,-0.8427323272438443
1273600800,-0.8363780778395552
1273622400,-0.8316123907863384
1273644000,-0.8252581413820492
1273665600,-0.8220810166799046
1273687200,-0.8204924543288324
1273708800,-0.8125496425734711
1273730400,-0.8077839555202542
1273752000,-0.8014297061159651
1273773600,-0.795075456711676
1273795200,-0.7855440826052422
1273816800,-0.7776012708498808
1273838400,-0.7712470214455918
1273860000,-0.7696584590945195
1273881600,-0.7251787132644956
1273903200,-0.7220015885623511
1273924800,-0.7172359015091343
1273946400,-0.7140587768069897
1273968000,-0.7108816521048451
1273989600,-0.7077045274027005
1274011200,-0.704527402700556
1274032800,-0.6918189038919778
1274054400,-0.6886417791898332
1274076000,-0.6854646544876887
1274097600,-0.6775218427323273
1274119200,-0.675933280381255
1274140800,-0.6727561556791104
1274162400,-0.6695790309769658
1274184000,-0.664813343923749
1274205600,-0.6521048451151708
1274227200,-0.6378077839555203
1274248800,-0.6266878474980143
1274270400,-0.6155679110405083
1274292000,-0.6044479745830025
1274313600,-0.5933280381254964
1274335200,-0.5837966640190628
1274356800,-0.5599682287529786
1274378400,-0.5520254169976172
1274400000,-0.5440826052422558
1274421600,-0.5361397934868943
1274443200,-0.5281969817315331
1274464800,-0.5266084193804608
1274486400,-0.5234312946783162
1274508000,-0.5218427323272439
1274529600,-0.5218427323272439
1274551200,-0.5027799841143765
1274572800,-0.4996028594122319
1274594400,-1.0
1274616000,-0.9968228752978554
1274637600,-0.9968228752978554
1274659200,-0.9968228752978554
1274680800,-0.9841143764892772
1274702400,-0.9809372517871326
1274724000,-1.0
1274745600,-1.0
1274767200,-1.0
1274788800,-1.0
1274810400,-0.9984114376489277
1274832000,-0.9936457505957109
1274853600,-0.9444003177124702
1274875200,-0.9412231930103256
1274896800,-0.9396346306592533
1274918400,-0.9364575059571089
1274940000,-0.9348689436060366
1274961600,-0.9348689436060366
1274983200,-0.9301032565528197
1275004800,-0.9269261318506752
1275026400,-0.9253375694996029
1275048000,-0.8760921366163622
1275069600,-0.8713264495631454
1275091200,-0.8681493248610008
1275112800,-0.8665607625099285
1275134400,-0.8665607625099285
1275156000,-0.8570293884034949
1275177600,-0.8522637013502781
1275199200,-0.8395552025416998
1275220800,-0.8363780778395552
1275242400,-0.8363780778395552
1275264000,-0.8316123907863384
1275285600,-0.8316123907863384
1275307200,-0.8236695790309769
1275328800,-0.8173153296266878
1275350400,-0.8109610802223988
1275372000,-0.7982525814138205
1275393600,-0.795075456711676
1275415200,-1.0
1275436800,-0.9618745035742653
1275458400,-0.9142176330420969
1275480000,-0.8792692613185068
1275501600,-0.8427323272438443
1275523200,-0.8014297061159651
1275544800,-0.7966640190627482
1275566400,-0.7220015885623511
1275588000,-0.7029388403494837
1275609600,-0.698173153296267
1275631200,-0.6886417791898332
1275652800,-0.6870532168387609
1275674400,-0.6727561556791104
1275696000,-0.6679904686258935
1275717600,-0.6664019062748213
1275739200,-0.6505162827640985
1275760800,-0.6457505957108817
1275782400,-0.6425734710087372
1275804000,-0.6393963463065926
1275825600,-0.636219221604448
1275847200,-0.6330420969023034
1275868800,-0.6298649722001588
1275890400,-0.6266878474980143
1275912000,-0.6203335980937252
1275933600,-0.6171564733915806
1275955200,-0.6108022239872914
1275976800,-0.607625099285147
1275998400,-0.6044479745830025
1276020000,-0.6012708498808579
1276041600,-0.5980937251787133
1276063200,-0.5949166004765687
1276084800,-0.5917394757744241
1276106400,-0.5885623510722796
1276128000,-0.5853852263701351
1276149600,-0.5822081016679905
1276171200,-0.5774424146147736
1276192800,-0.5726767275615567
1276214400,-0.5694996028594123
1276236000,-0.5663224781572678
1276257600,-0.5631453534551232
1276279200,-0.5599682287529786
1276300800,-0.556791104050834
1276322400,-0.5536139793486894
1276344000,-0.5504368546465449
1276365600,-0.5472597299444004
1276387200,-0.5440826052422558
1276408800,-0.5377283558379666
1276430400,-0.5329626687847498
1276452000,-0.5313741064336776
1276473600,-0.5218427323272439
1276495200,-0.5138999205718825
1276516800,-0.5075456711675934
1276538400,-0.5059571088165211
1276560000,-0.49324861000794284
1276581600,-0.4805401111993646
1276603200,-0.4789515488482923
1276624800,-0.4630659253375695
1276646400,-0.4614773629864972
1276668000,-0.45353455123113584
1276689600,-0.44718030182684676
1276711200,-0.4344718030182685
1276732800,-0.4312946783161239
1276754400,-1.0
1276776000,-1.0
1276797600,-1.0
1276819200,-0.9841143764892772
1276840800,-0.9809372517871326
1276862400,-1.0
1276884000,-1.0
1276905600,-1.0
1276927200,-1.0
1276948800,-0.9650516282764099
1276970400,-0.9555202541699762
1276992000,-0.9539316918189039
1277013600,-0.931691818903892
1277035200,-0.9221604447974583
1277056800,-0.9173947577442415
1277078400,-0.9094519459888801
1277100000,-0.9046862589356632
1277121600,-0.8999205718824463
1277143200,-0.891977760127085
1277164800,-0.8888006354249405
1277186400,-0.8570293884034949
1277208000,-0.8490865766481335
1277229600,-0.8443208895949166
1277251200,-0.8395552025416998
1277272800,-0.8332009531374107
1277294400,-0.8268467037331215
1277316000,-0.8189038919777601
1277337600,-0.8109610802223988
1277359200,-0.8077839555202542
1277380800,-0.8014297061159651
1277402400,-0.7982525814138205
1277424000,-0.7871326449563145
1277445600,-0.7855440826052422
1277467200,-0.7823669579030977
1277488800,-0.7760127084988087
1277510400,-0.7648927720413026
1277532000,-0.755361397934869
1277553600,-0.7490071485305798
1277575200,-0.7458300238284352
1277596800,-0.7204130262112788
1277618400,-0.6965845909451946
1277640000,-0.6822875297855441
1277661600,-0.6632247815726767
1277683200,-0.6441620333598094
1277704800,-0.6282764098490866
1277726400,-0.6123907863383637
1277748000,-0.5631453534551232
1277769600,-0.5393169181890389
1277791200,-0.5313741064336776
1277812800,-0.5218427323272439
1277834400,-0.5138999205718825
1277856000,-0.5059571088165211
1277877600,-0.4980142970611596
1277899200,-0.49007148530579825
1277920800,-0.4805401111993646
1277942400,-0.4725972994440032
1277964000,-0.44718030182684676
1277985600,-0.4360603653693408
1278007200,-0.4328832406671962
1278028800,-0.3931691818903892
1278050400,-0.3899920571882447
1278072000,-0.36775218427323275
1278093600,-0.3439237490071486
1278115200,-0.3391580619539317
1278136800,-0.3359809372517871
1278158400,-0.32486100079428126
1278180000,-0.3137410643367753
1278201600,-0.3042096902303416
1278223200,-0.2692613185067514
1278244800,-0.2676727561556792
1278266400,-0.2660841938046069
1278288000,-0.2644956314535346
1278309600,-0.2597299444003177
1278331200,-0.25019857029388404
1278352800,-0.2263701350277999
1278374400,-0.21842732327243852
1278396000,-0.21048451151707714
1278417600,-0.19936457505957117
1278439200,-0.1914217633042098
1278460800,-0.1866560762509929
1278482400,-0.17712470214455922
1278504000,-0.16918189038919784
1278525600,-0.16441620333598095
1278547200,-0.15329626687847497
1278568800,-0.1469420174741859
1278590400,-0.1421763304209691
1278612000,-0.13899920571882451
1278633600,-0.13582208101667992
1278655200,-0.13264495631453543
1278676800,-0.12311358220810176
1278698400,-0.11993645750595716
1278720000,-0.11675933280381257
1278741600,-0.11040508339952348
1278763200,-0.10563939634630659
1278784800,-0.1024622716441621
1278806400,-0.09928514694201751
1278828000,-0.09293089753772843
1278849600,-0.08975377283558383
1278871200,-0.08498808578236705
1278892800,-0.08181096108022246
1278914400,-0.07863383637807786
1278936000,-0.07227958697378878
1278957600,-0.06910246227164418
1278979200,-0.0643367752184274
1279000800,-0.05798252581413821
1279022400,-0.05162827640984913
1279044000,-0.046862589356632345
1279065600,-0.04368546465448775
1279087200,-0.03733121525019867
1279108800,-0.02938840349483718
1279130400,-0.02779984114376499
1279152000,-0.023034154090548098
1279173600,-0.0214455917394758
1279195200,-0.019857029388403502
1279216800,-0.016679904686259017
1279238400,0.0214455917394758
1279260000,0.02779984114376477
1279281600,0.030976965845909366
1279303200,0.03574265289912626
1279324800,0.038919777601270855
1279346400,0.05798252581413821
1279368000,0.08022239872915016
1279389600,0.08339952343129453
1279411200,0.09293089753772832
1279432800,0.10246227164416188
1279454400,0.10881652104845108
1279476000,0.11517077045274027
1279497600,0.11675933280381257
1279519200,0.12152501985702924
1279540800,0.12470214455917383
1279562400,0.13264495631453532
1279584000,0.1405877680698966
1279605600,0.14694201747418578
1279627200,0.16918189038919773
1279648800,0.1866560762509928
1279670400,0.21366163621922163
1279692000,0.2184273232724383
1279713600,0.2200158856235106
1279735200,0.2263701350277998
1279756800,0.2295472597299444
1279778400,0.23431294678316128
1279800000,0.24384432088959485
1279821600,0.25019857029388404
1279843200,0.2549642573471007
1279864800,0.2597299444003176
1279886400,0.2676727561556791
1279908000,0.27720413026211266
1279929600,0.28514694201747415
1279951200,0.3010325655281969
1279972800,0.32009531374106426
1279994400,0.32803812549642575
1280016000,0.3375694996028593
1280037600,0.3455123113582208
1280059200,0.35345512311358207
1280080800,0.36139793486894356
1280102400,0.3741064336775217
1280124000,0.375694996028594
1280145600,0.3772835583796663
1280167200,0.3788721207307386
1280188800,0.3804606830818109
1280210400,0.3868149324861001
1280232000,0.39634630659253367
1280253600,0.40905480540111183
1280275200,0.4122319301032564
1280296800,-1.0
1280318400,-1.0
1280340000,-1.0
1280361600,-1.0
1280383200,-1.0
1280404800,-1.0
1280426400,-1.0
1280448000,-0.9396346306592533
1280469600,-0.9237490071485306
1280491200,-0.9126290706910246
1280512800,-0.9062748212867355
1280534400,-0.9046862589356632
1280556000,-0.8999205718824463
1280577600,-0.8951548848292296
1280599200,-0.8856235107227959
1280620800,-0.8776806989674345
1280642400,-0.8697378872120731
1280664000,-0.8474980142970612
1280685600,-0.8443208895949166
1280707200,-1.0
1280728800,-1.0
1280750400,-1.0
1280772000,-1.0
1280793600,-1.0
1280815200,-1.0
1280836800,-1.0
1280858400,-1.0
1280880000,-1.0
1280901600,-1.0
1280923200,-1.0
1280944800,-1.0
1280966400,-1.0
1280988000,-1.0
1281009600,-0.8776806989674345
1281031200,-0.8284352660841938
1281052800,-1.0
1281074400,-1.0
1281096000,-1.0
1281117600,-1.0
1281139200,-1.0
1281160800,-1.0
1281182400,-1.0
1281204000,-1.0
1281225600,-1.0
1281247200,-1.0
1281268800,-1.0
1281290400,-1.0
1281312000,-1.0
1281333600,-1.0
1281355200,-1.0
1281376800,-1.0
1281398400,-1.0
1281420000,-1.0
1281441600,-1.0
1281463200,-1.0
1281484800,-1.0
1281506400,-1.0
1281528000,-1.0
1281549600,-1.0
1281571200,-1.0
1281592800,-1.0
1281614400,-1.0
1281636000,-1.0
1281657600,-1.0
1281679200,-1.0
1281700800,-1.0
1281722400,-1.0
1281744000,-1.0
1281765600,-1.0
1281787200,-1.0
1281808800,-1.0
1281830400,-1.0
1281852000,-1.0
1281873600,-1.0
1281895200,-1.0
1281916800,-1.0
1281938400,-1.0
1281960000,-1.0
1281981600,-1.0
1282003200,-1.0
1282024800,-1.0
1282046400,-1.0
1282068000,-1.0
1282089600,-1.0
1282111200,-1.0
1282132800,-1.0
1282154400,-1.0
1282176000,-1.0
1282197600,-1.0
1282219200,-1.0
1282240800,-1.0
1282262400,-1.0
1282284000,-1.0
1282305600,-1.0
1282327200,-1.0
1282348800,-1.0
1282370400,-1.0
1282392000,-1.0
1282413600,-1.0
1282435200,-1.0
1282456800,-1.0
1282478400,-1.0
1282500000,-1.0
1282521600,-1.0
1282543200,-1.0
1282564800,-1.0
1282586400,-1.0
1282608000,-1.0
1282629600,-1.0
1282651200,-1.0
1282672800,-1.0
1282694400,-1.0
1282716000,-1.0
1282737600,-1.0
1282759200,-1.0
1282780800,-1.0
1282802400,-1.0
1282824000,-1.0
1282845600,-1.0
1282867200,-1.0
1282888800,-1.0
1282910400,-1.0
1282932000,-1.0
1282953600,-1.0
1282975200,-1.0
1282996800,-1.0
1283018400,-1.0
1283040000,-1.0
1283061600,-1.0
1283083200,-1.0
1283104800,-1.0
1283126400,-1.0
1283148000,-1.0
1283169600,-1.0
1283191200,-1.0
1283212800,-1.0
1283234400,-1.0
1283256000,-1.0
1283277600,-1.0
1283299200,-1.0
1283320800,-1.0
1283342400,-1.0
1283364000,-1.0
1283385600,-1.0
1283407200,-1.0
1283428800,-1.0
1283450400,-1.0
1283472000,-1.0
1283493600,-1.0
1283515200,-1.0
1283536800,-1.0
1283558400,-1.0
1283580000,-1.0
1283601600,-1.0
