entity,n_gt,method,stage1_f1,stage1_p,stage1_r,stage2_f1,stage2_p,stage2_r,n_candidates,n_pred,response
machine-1-1,8,B1,0.6153846153846154,0.8,0.5,0.5263157894736842,0.45454545454545453,0.625,16,11,"```json
{""anomaly_intervals"": [[12376, 12655], [13664, 14055], [15064, 15399], [16128, 16463], [17192, 17695], [18256, 18647], [19768, 20271], [21000, 21335], [22176, 22343], [23632, 24023], [25032, 25311]]}
```"
machine-1-1,8,B2,0.6153846153846154,0.8,0.5,0.5263157894736842,0.45454545454545453,0.625,16,11,"```json
{""anomaly_intervals"": [[12432, 12655], [13664, 14055], [15120, 15399], [16128, 16463], [17192, 17695], [18256, 18647], [19768, 20271], [21056, 21335], [22176, 22343], [23688, 24023], [25088, 25311]]}
```"
machine-1-2,10,B1,0.7368421052631577,0.7777777777777778,0.7,0.7,0.7,0.7,15,10,"```json
{""anomaly_intervals"": [[4536, 4759], [5824, 6047], [6216, 6831], [12488, 12935], [15512, 15623], [15848, 16015], [16912, 17079], [18648, 18983], [20160, 20383], [21784, 22343]]}
```"
machine-1-2,10,B2,0.7368421052631577,0.7777777777777778,0.7,0.7368421052631577,0.7777777777777778,0.7,15,9,"```json
{""anomaly_intervals"": [[4536, 4759], [5824, 6047], [6216, 6831], [12488, 12935], [15512, 15623], [15848, 16015], [18704, 18983], [20160, 20383], [21784, 22343]]}
```"
machine-1-5,7,B1,1.0,1.0,1.0,0.923076923076923,1.0,0.8571428571428571,10,6,"```json
{""anomaly_intervals"": [[10472, 10751], [12600, 12991], [14000, 14223], [14336, 14727], [21168, 21503], [22008, 22175]]}
```"
machine-1-5,7,B2,1.0,1.0,1.0,0.6666666666666665,0.5454545454545454,0.8571428571428571,10,11,"```json
{""anomaly_intervals"": [[10472, 10751], [12600, 12991], [14000, 14223], [14336, 14727], [15680, 16463], [17080, 17527], [18032, 18199], [18424, 18759], [19432, 20327], [21168, 21503], [22008, 22175]]}
```"
