dataset,encoder,best_layer,AUROC_patch,cohens_d
MSL,CLIP,1,0.6765501552051062,0.5081040636674242
MSL,MAE,10,0.6925594261962922,0.4711251791420788
MSL,DINOv2,1,0.6718339407452577,0.5989836999759813
NAB,CLIP,1,0.5403996156144238,0.11931952462693081
NAB,MAE,10,0.5580249257337797,0.14520815197321854
NAB,DINOv2,7,0.5541354688734693,0.16187071403918754
SMAP,CLIP,7,0.5324855999854625,0.09861282460202551
SMAP,MAE,12,0.49185950760958685,-0.023262576618960116
SMAP,DINOv2,12,0.5562106760853016,0.11787426064366573
