case_id,scenario,n_affected,lag,true_root,pred_root,root_correct,true_onset,pred_onset,onset_abs_error,model_confidence,model_reason,parse_status
NA0_LAG10_000,NA0_LAG10,0.0,10.0,2,2,True,100.0,100.0,0.0,0.95,"Channel 2 is the only one with an anomaly detected, suggesting it as the root cause. No other channels show anomalies.",OK
NA0_LAG10_001,NA0_LAG10,0.0,10.0,6,6,True,100.0,100.0,0.0,1.0,"Channel 6 is the only one with an anomaly detected, indicating it as the root cause.",OK
NA0_LAG10_002,NA0_LAG10,0.0,10.0,4,4,True,100.0,100.0,0.0,0.95,"Channel 4 is the only one with an anomaly detected, suggesting it as the root cause. No other channels show anomalies.",OK
NA0_LAG10_003,NA0_LAG10,0.0,10.0,2,2,True,100.0,100.0,0.0,0.95,"Channel 2 is the only one with an anomaly detected, suggesting it as the root cause. No other channels show anomalies.",OK
NA0_LAG10_004,NA0_LAG10,0.0,10.0,5,5,True,100.0,100.0,0.0,0.95,"Channel 5 is the only one with an anomaly detected, indicating it as the root cause. No other channels show anomalies.",OK
NA0_LAG10_005,NA0_LAG10,0.0,10.0,3,3,True,100.0,100.0,0.0,0.95,"Channel 3 is the only one with an anomaly, indicating it as the root cause. No other channels show anomalies.",OK
NA0_LAG10_006,NA0_LAG10,0.0,10.0,4,4,True,100.0,100.0,0.0,0.95,"Channel 4 is the only one with an anomaly detected, indicating it as the root cause. No other channels show anomalies.",OK
NA0_LAG10_007,NA0_LAG10,0.0,10.0,1,1,True,100.0,100.0,0.0,0.95,"Channel 1 is the only channel with an anomaly detected, indicating it as the root cause. No other channels show anomalies.",OK
NA0_LAG10_008,NA0_LAG10,0.0,10.0,3,3,True,100.0,100.0,0.0,0.95,"Channel 3 is the only one with an anomaly detected, indicating it as the root cause. No other channels show anomalies.",OK
NA0_LAG10_009,NA0_LAG10,0.0,10.0,5,5,True,100.0,100.0,0.0,0.95,"Channel 5 is the only one with an anomaly detected, indicating it as the root cause.",OK
NA0_LAG10_010,NA0_LAG10,0.0,10.0,5,5,True,100.0,100.0,0.0,0.95,"Channel 5 is the only one with an anomaly detected, indicating it as the root cause.",OK
NA0_LAG10_011,NA0_LAG10,0.0,10.0,2,2,True,100.0,100.0,0.0,0.95,"Channel 2 is the only one with an anomaly detected, suggesting it as the root cause. No other channels show anomalies.",OK
NA0_LAG10_012,NA0_LAG10,0.0,10.0,5,5,True,100.0,100.0,0.0,0.95,"Channel 5 is the only one with an anomaly detected, indicating it as the root cause. No other channels show anomalies.",OK
NA0_LAG10_013,NA0_LAG10,0.0,10.0,1,1,True,100.0,100.0,0.0,0.95,"Channel 1 is the only channel with an anomaly detected, indicating it as the root cause. No other channels show anomalies.",OK
NA0_LAG10_014,NA0_LAG10,0.0,10.0,4,4,True,100.0,100.0,0.0,0.95,"Channel 4 is the only one with an anomaly detected, indicating it as the root cause. No other channels show anomalies.",OK
NA0_LAG10_015,NA0_LAG10,0.0,10.0,4,4,True,100.0,100.0,0.0,0.95,"Channel 4 is the only one with an anomaly detected, indicating it as the root cause. No other channels show anomalies.",OK
NA0_LAG10_016,NA0_LAG10,0.0,10.0,4,4,True,100.0,100.0,0.0,0.95,"Channel 4 is the only one with an anomaly detected, indicating it as the root cause. No other channels show anomalies.",OK
NA0_LAG10_017,NA0_LAG10,0.0,10.0,6,6,True,100.0,100.0,0.0,0.95,"Channel 6 is the only one with an anomaly detected, indicating it as the root cause. No other channels show anomalies.",OK
NA0_LAG10_018,NA0_LAG10,0.0,10.0,6,6,True,100.0,100.0,0.0,0.95,"Channel 6 is the only one with an anomaly detected, indicating it as the root cause. No other channels show anomalies.",OK
NA0_LAG10_019,NA0_LAG10,0.0,10.0,3,3,True,100.0,100.0,0.0,0.95,"Channel 3 is the only one with an anomaly detected, suggesting it as the root cause. No other channels show anomalies.",OK
NA0_LAG10_020,NA0_LAG10,0.0,10.0,6,6,True,100.0,100.0,0.0,1.0,"Channel 6 is the only one with an anomaly detected, indicating it as the root cause. No other channels show anomalies.",OK
NA0_LAG10_021,NA0_LAG10,0.0,10.0,2,2,True,100.0,100.0,0.0,0.95,"Channel 2 is the only one with an anomaly detected, suggesting it as the root cause. No other channels show anomalies.",OK
NA0_LAG10_022,NA0_LAG10,0.0,10.0,6,6,True,100.0,100.0,0.0,1.0,"Channel 6 is the only one with an anomaly detected, indicating it as the root cause. No other channels show anomalies.",OK
NA0_LAG10_023,NA0_LAG10,0.0,10.0,2,2,True,100.0,100.0,0.0,0.95,"Channel 2 is the only one with an anomaly detected, suggesting it as the root cause. No other channels show anomalies.",OK
NA0_LAG10_024,NA0_LAG10,0.0,10.0,4,4,True,100.0,100.0,0.0,0.95,"Channel 4 is the only one with an anomaly detected, indicating it as the root cause. No other channels show anomalies.",OK
NA0_LAG10_025,NA0_LAG10,0.0,10.0,5,5,True,100.0,100.0,0.0,0.95,"Channel 5 is the only one with an anomaly detected, indicating it as the root cause. No other channels show anomalies.",OK
NA0_LAG10_026,NA0_LAG10,0.0,10.0,4,4,True,100.0,100.0,0.0,0.95,"Channel 4 is the only one with an anomaly detected, indicating it as the root cause. No other channels show anomalies.",OK
NA0_LAG10_027,NA0_LAG10,0.0,10.0,4,4,True,100.0,100.0,0.0,0.95,"Channel 4 is the only one with an anomaly detected, indicating it as the root cause. No other channels show anomalies.",OK
NA0_LAG10_028,NA0_LAG10,0.0,10.0,4,4,True,100.0,100.0,0.0,0.95,"Channel 4 is the only one with an anomaly detected, suggesting it as the root cause. No other channels show anomalies.",OK
NA0_LAG10_029,NA0_LAG10,0.0,10.0,4,4,True,100.0,100.0,0.0,0.95,"Channel 4 is the only one with an anomaly detected, suggesting it as the root cause. No other channels show anomalies.",OK
NA0_LAG50_000,NA0_LAG50,0.0,50.0,3,3,True,100.0,100.0,0.0,0.95,"Channel 3 is the only one with an anomaly detected, indicating it as the root cause. No other channels show anomalies.",OK
NA0_LAG50_001,NA0_LAG50,0.0,50.0,1,1,True,100.0,100.0,0.0,0.95,"Channel 1 is the only channel with an anomaly, indicating it as the root cause. No other channels show anomalies.",OK
NA0_LAG50_002,NA0_LAG50,0.0,50.0,5,5,True,100.0,100.0,0.0,0.95,"Channel 5 is the only one with an anomaly detected, indicating it as the root cause. No other channels show anomalies.",OK
NA0_LAG50_003,NA0_LAG50,0.0,50.0,2,2,True,100.0,100.0,0.0,0.95,"Channel 2 is the only one with an anomaly detected, suggesting it as the root cause. No other channels show anomalies.",OK
NA0_LAG50_004,NA0_LAG50,0.0,50.0,1,1,True,100.0,100.0,0.0,0.95,"Channel 1 is the only channel with an anomaly detected, indicating it as the root cause. No other channels show anomalies.",OK
NA0_LAG50_005,NA0_LAG50,0.0,50.0,5,5,True,100.0,100.0,0.0,0.95,"Channel 5 is the only one with an anomaly detected, indicating it as the root cause. No other channels show anomalies.",OK
NA0_LAG50_006,NA0_LAG50,0.0,50.0,2,2,True,100.0,100.0,0.0,0.95,"Channel 2 is the only one with an anomaly detected, suggesting it is the root cause. No other channels show anomalies.",OK
NA0_LAG50_007,NA0_LAG50,0.0,50.0,4,4,True,100.0,100.0,0.0,0.95,"Channel 4 is the only one with an anomaly detected, indicating it as the root cause. No other channels show anomalies.",OK
NA0_LAG50_008,NA0_LAG50,0.0,50.0,5,5,True,100.0,100.0,0.0,0.95,"Channel 5 is the only one with an anomaly detected, indicating it as the root cause. No other channels show anomalies.",OK
NA0_LAG50_009,NA0_LAG50,0.0,50.0,3,3,True,100.0,100.0,0.0,0.95,"Channel 3 is the only one with an anomaly detected, suggesting it is the root cause. No other channels show anomalies.",OK
NA0_LAG50_010,NA0_LAG50,0.0,50.0,2,2,True,100.0,100.0,0.0,0.95,"Channel 2 is the only one with an anomaly detected, suggesting it as the root cause.",OK
NA0_LAG50_011,NA0_LAG50,0.0,50.0,1,1,True,100.0,100.0,0.0,0.95,"Channel 1 is the only channel with an anomaly detected, indicating it as the root cause. No other channels show anomalies.",OK
NA0_LAG50_012,NA0_LAG50,0.0,50.0,2,2,True,100.0,100.0,0.0,0.95,"Channel 2 is the only one with an anomaly detected, suggesting it as the root cause. No other channels show anomalies.",OK
NA0_LAG50_013,NA0_LAG50,0.0,50.0,2,2,True,100.0,100.0,0.0,0.95,"Channel 2 is the only one with an anomaly detected, suggesting it as the root cause.",OK
NA0_LAG50_014,NA0_LAG50,0.0,50.0,3,3,True,100.0,100.0,0.0,0.95,"Channel 3 is the only one with an anomaly detected, suggesting it as the root cause. No other channels show anomalies.",OK
NA0_LAG50_015,NA0_LAG50,0.0,50.0,6,6,True,100.0,100.0,0.0,1.0,"Channel 6 is the only one with an anomaly detected, indicating it as the root cause. No other channels show anomalies.",OK
NA0_LAG50_016,NA0_LAG50,0.0,50.0,5,5,True,100.0,100.0,0.0,0.95,"Channel 5 is the only one with an anomaly detected, indicating it as the root cause. No other channels show anomalies.",OK
NA0_LAG50_017,NA0_LAG50,0.0,50.0,1,1,True,100.0,100.0,0.0,1.0,"Channel 1 is the only channel with an anomaly detected, and no other channels show any anomalies.",OK
NA0_LAG50_018,NA0_LAG50,0.0,50.0,3,3,True,100.0,100.0,0.0,0.95,"Channel 3 is the only one with an anomaly detected, suggesting it is the root cause. No other channels show anomalies.",OK
NA0_LAG50_019,NA0_LAG50,0.0,50.0,2,2,True,100.0,100.0,0.0,0.95,"Channel 2 is the only one with an anomaly detected, suggesting it as the root cause. No other channels show anomalies.",OK
NA0_LAG50_020,NA0_LAG50,0.0,50.0,4,4,True,100.0,100.0,0.0,0.95,"Channel 4 is the only one with an anomaly detected, indicating it as the root cause. No other channels show anomalies.",OK
NA0_LAG50_021,NA0_LAG50,0.0,50.0,3,3,True,100.0,100.0,0.0,0.95,"Channel 3 is the only one with an anomaly detected, suggesting it as the root cause. No other channels show anomalies.",OK
NA0_LAG50_022,NA0_LAG50,0.0,50.0,1,1,True,100.0,100.0,0.0,0.95,"Channel 1 is the only channel with an anomaly detected, indicating it as the root cause. No other channels show anomalies.",OK
NA0_LAG50_023,NA0_LAG50,0.0,50.0,2,2,True,100.0,100.0,0.0,0.95,"Channel 2 is the only one with an anomaly detected, suggesting it as the root cause. No other channels show anomalies.",OK
NA0_LAG50_024,NA0_LAG50,0.0,50.0,1,1,True,100.0,100.0,0.0,0.95,"Channel 1 is the only channel with an anomaly detected, indicating it as the root cause. No other channels show anomalies.",OK
NA0_LAG50_025,NA0_LAG50,0.0,50.0,6,6,True,100.0,100.0,0.0,0.95,"Channel 6 is the only one with an anomaly detected, indicating it as the root cause. No other channels show anomalies.",OK
NA0_LAG50_026,NA0_LAG50,0.0,50.0,1,1,True,100.0,100.0,0.0,0.95,"Channel 1 is the only channel with an anomaly, indicating it as the root cause. No other channels show anomalies.",OK
NA0_LAG50_027,NA0_LAG50,0.0,50.0,4,4,True,100.0,100.0,0.0,0.95,"Channel 4 is the only one with an anomaly detected, indicating it as the root cause. No other channels show anomalies.",OK
NA0_LAG50_028,NA0_LAG50,0.0,50.0,5,5,True,100.0,100.0,0.0,0.95,"Channel 5 is the only one with an anomaly detected, indicating it as the root cause.",OK
NA0_LAG50_029,NA0_LAG50,0.0,50.0,4,4,True,100.0,100.0,0.0,0.95,"Channel 4 is the only one with an anomaly detected, indicating it as the root cause. No other channels show anomalies.",OK
NA1_LAG10_000,NA1_LAG10,1.0,10.0,5,5,True,100.0,100.0,0.0,0.85,"Channel 5 anomaly onset is earlier than Channel 3, both with the same breakdown type and intensity, suggesting Channel 5 as the root cause.",OK
NA1_LAG10_001,NA1_LAG10,1.0,10.0,4,4,True,100.0,100.0,0.0,0.85,"Channel 4 has the earliest anomaly onset and highest intensity, suggesting it as the root cause. Channel 2 shares the same breakdown type and occurs shortly after, indicating it may be affected.",OK
NA1_LAG10_002,NA1_LAG10,1.0,10.0,5,5,True,100.0,100.0,0.0,0.85,"Channel 5 has the earliest anomaly onset and highest intensity, suggesting it as the root cause. Channel 2's anomaly occurs later and with lower intensity, indicating it may be a consequence.",OK
NA1_LAG10_003,NA1_LAG10,1.0,10.0,6,6,True,100.0,100.0,0.0,0.85,"Channel 6 has the earliest anomaly onset and highest intensity, suggesting it as the root cause. Channel 3 shares the same breakdown type and occurs shortly after, indicating it may be affected.",OK
NA1_LAG10_004,NA1_LAG10,1.0,10.0,6,6,True,100.0,100.0,0.0,0.85,"Channel 6 has the earliest anomaly onset and highest intensity, suggesting it as the root cause. Channel 4 shares the same breakdown type and occurs after Channel 6.",OK
NA1_LAG10_005,NA1_LAG10,1.0,10.0,2,2,True,100.0,100.0,0.0,0.85,"Channel 2 anomaly onset is earlier than Channel 1, suggesting it as the root cause. Channel 1 is affected due to its later onset.",OK
NA1_LAG10_006,NA1_LAG10,1.0,10.0,6,6,True,100.0,100.0,0.0,0.85,"Channel 6 anomaly onset is earlier than Channel 4, suggesting it as the root cause. Channels 1, 2, 3, and 5 show no anomalies.",OK
NA1_LAG10_007,NA1_LAG10,1.0,10.0,2,2,True,100.0,100.0,0.0,0.85,"Channel 2 shows the earliest anomaly onset at step 100 with breakdown_type C1, and Channel 6 shows a similar anomaly shortly after, suggesting it is affected by Channel 2.",OK
NA1_LAG10_008,NA1_LAG10,1.0,10.0,4,4,True,100.0,100.0,0.0,0.85,"Channel 4 has the earliest anomaly onset and highest intensity, suggesting it as the root cause. Channel 1 shows a similar breakdown type with a later onset, indicating it may be affected.",OK
NA1_LAG10_009,NA1_LAG10,1.0,10.0,5,5,True,100.0,100.0,0.0,0.85,"Channel 5 has the earliest anomaly onset and highest intensity, suggesting it as the root cause. Channel 2's anomaly occurs shortly after, possibly as a consequence.",OK
NA1_LAG10_010,NA1_LAG10,1.0,10.0,5,5,True,100.0,100.0,0.0,0.85,"Channel 5 anomaly onset is earlier than Channel 2, suggesting it as the root cause. Channel 2 could be affected due to its proximity in onset time.",OK
NA1_LAG10_011,NA1_LAG10,1.0,10.0,5,5,True,100.0,100.0,0.0,0.85,"Channel 5 shows the first anomaly at step 100 with a higher intensity, suggesting it as the root cause. Channel 6 follows with a similar breakdown type and lower intensity, indicating it may be affected by Channel 5.",OK
NA1_LAG10_012,NA1_LAG10,1.0,10.0,5,5,True,100.0,100.0,0.0,0.95,"Channel 5 shows the first anomaly at step 100, followed by Channel 6 with the same breakdown type and intensity, suggesting a causal relationship.",OK
NA1_LAG10_013,NA1_LAG10,1.0,10.0,1,1,True,100.0,100.0,0.0,0.85,"Channel 1 shows the earliest anomaly onset and shares the same breakdown type with Channel 2, suggesting it as the root cause.",OK
NA1_LAG10_014,NA1_LAG10,1.0,10.0,2,2,True,100.0,100.0,0.0,0.85,"Channel 2 shows the first anomaly at step 100 with a significant intensity, suggesting it as the root cause. Channel 5 shows a weaker anomaly shortly after, likely as a consequence.",OK
NA1_LAG10_015,NA1_LAG10,1.0,10.0,5,5,True,100.0,100.0,0.0,0.85,"Channel 5 has the earliest anomaly onset and highest intensity, suggesting it as the root cause. Channel 4 shows a similar breakdown type and follows shortly after.",OK
NA1_LAG10_016,NA1_LAG10,1.0,10.0,2,2,True,100.0,100.0,0.0,0.85,"Channel 2 shows the first anomaly at step 100, followed by Channel 5 at step 110, suggesting Channel 2 as the root cause.",OK
NA1_LAG10_017,NA1_LAG10,1.0,10.0,3,3,True,100.0,100.0,0.0,0.85,"Channel 3 has the earliest anomaly onset and highest intensity, suggesting it as the root cause. Channel 1 shows a similar breakdown type after Channel 3.",OK
NA1_LAG10_018,NA1_LAG10,1.0,10.0,2,2,True,100.0,100.0,0.0,0.85,"Channel 2 shows the first anomaly at step 100 with a higher intensity, suggesting it as the root cause. Channel 4 shows a similar breakdown type shortly after, indicating it may be affected by Channel 2.",OK
NA1_LAG10_019,NA1_LAG10,1.0,10.0,4,4,True,100.0,100.0,0.0,0.85,"Channel 4 has the earliest anomaly onset and highest intensity, suggesting it as the root cause. Channel 2's anomaly occurs later and with lower intensity, indicating it may be a consequence.",OK
NA1_LAG10_020,NA1_LAG10,1.0,10.0,2,2,True,100.0,100.0,0.0,0.85,"Channel 2 shows the first anomaly at step 100, followed by Channel 6 at step 110, suggesting Channel 2 as the root cause.",OK
NA1_LAG10_021,NA1_LAG10,1.0,10.0,3,3,True,100.0,100.0,0.0,0.85,"Channel 3 anomaly starts earlier than Channel 2, suggesting it as the root cause. Channels 1, 4, 5, and 6 show no anomalies.",OK
NA1_LAG10_022,NA1_LAG10,1.0,10.0,5,5,True,100.0,100.0,0.0,0.85,"Channel 5 shows the first anomaly at step 100, followed by Channel 6 at step 110, suggesting Channel 5 as the root cause.",OK
NA1_LAG10_023,NA1_LAG10,1.0,10.0,3,3,True,100.0,100.0,0.0,0.85,"Channel 3 shows the first anomaly at step 100, followed by Channel 6 at step 110, suggesting a causal relationship. Other channels show no anomalies.",OK
NA1_LAG10_024,NA1_LAG10,1.0,10.0,2,2,True,100.0,100.0,0.0,0.85,"Channel 2 shows the first anomaly at step 100, and Channel 4 shows a similar anomaly shortly after, suggesting a causal relationship.",OK
NA1_LAG10_025,NA1_LAG10,1.0,10.0,2,2,True,100.0,100.0,0.0,0.85,"Channel 2 anomaly onset is earlier than Channel 1, suggesting it as the root cause. Channel 1 is affected due to its later onset and similar intensity.",OK
NA1_LAG10_026,NA1_LAG10,1.0,10.0,1,1,True,100.0,100.0,0.0,0.85,"Channel 1 has the earliest anomaly onset and highest intensity, suggesting it as the root cause. Channel 3 shows a similar breakdown type with a delay, indicating it is affected. Other channels show no anomalies.",OK
NA1_LAG10_027,NA1_LAG10,1.0,10.0,2,2,True,100.0,100.0,0.0,0.85,Channel 2 shows the earliest anomaly onset and could have influenced Channel 3.,OK
NA1_LAG10_028,NA1_LAG10,1.0,10.0,6,6,True,100.0,100.0,0.0,0.85,"Channel 6 has the earliest anomaly onset and highest intensity, suggesting it as the root cause. Channel 5 follows with a similar breakdown type and later onset.",OK
NA1_LAG10_029,NA1_LAG10,1.0,10.0,4,4,True,100.0,100.0,0.0,0.85,"Channel 4 shows the first anomaly at step 100 with a higher intensity, suggesting it as the root cause. Channel 6 shows a similar breakdown type shortly after, indicating it may be affected.",OK
NA1_LAG50_000,NA1_LAG50,1.0,50.0,1,1,True,100.0,100.0,0.0,0.85,"Channel 1 has the earliest anomaly onset and highest intensity, suggesting it as the root cause. Channel 2 shows a similar breakdown type with a delayed onset and lower intensity, indicating it may be affected by Channel 1.",OK
NA1_LAG50_001,NA1_LAG50,1.0,50.0,3,3,True,100.0,100.0,0.0,0.85,"Channel 3 shows the first anomaly at step 100, and Channel 5 shows a subsequent anomaly at step 150, possibly as a consequence.",OK
NA1_LAG50_002,NA1_LAG50,1.0,50.0,5,5,True,100.0,100.0,0.0,0.85,"Channel 5 has the earliest anomaly onset and highest intensity, suggesting it as the root cause. Channel 2's later onset and lower intensity suggest it is affected by Channel 5.",OK
NA1_LAG50_003,NA1_LAG50,1.0,50.0,1,1,True,100.0,100.0,0.0,0.85,"Channel 1 shows the earliest anomaly onset and shares the same breakdown type and intensity with Channel 2, suggesting it as the root cause. Channels 3-6 show no anomalies.",OK
NA1_LAG50_004,NA1_LAG50,1.0,50.0,3,3,True,100.0,100.0,0.0,0.85,"Channel 3 shows the first anomaly at step 100 with a significant intensity, suggesting it as the root cause. Channel 5's anomaly occurs later and with lower intensity, indicating it may be a consequence.",OK
NA1_LAG50_005,NA1_LAG50,1.0,50.0,6,6,True,100.0,100.0,0.0,0.95,"Channel 6 shows the earliest anomaly onset at step 100, suggesting it as the root cause. Channel 5's anomaly occurs later at step 150, likely as a consequence.",OK
NA1_LAG50_006,NA1_LAG50,1.0,50.0,3,3,True,100.0,100.0,0.0,0.85,"Channel 3 has the earliest anomaly onset and highest intensity, suggesting it as the root cause. Channel 2's later onset and lower intensity suggest it is affected by Channel 3.",OK
NA1_LAG50_007,NA1_LAG50,1.0,50.0,4,4,True,100.0,100.0,0.0,0.85,"Channel 4 has the earliest anomaly onset and highest intensity, suggesting it as the root cause. Channel 2's anomaly occurs later and with lower intensity, indicating it may be a consequence.",OK
NA1_LAG50_008,NA1_LAG50,1.0,50.0,1,1,True,100.0,100.0,0.0,0.85,"Channel 1 has the earliest anomaly onset and highest intensity, suggesting it as the root cause. Channel 2's anomaly occurs later and with lower intensity, indicating it may be a consequence.",OK
NA1_LAG50_009,NA1_LAG50,1.0,50.0,4,4,True,100.0,100.0,0.0,0.85,"Channel 4 anomaly occurs first at step 100, followed by Channel 1 at step 150 with the same breakdown type.",OK
NA1_LAG50_010,NA1_LAG50,1.0,50.0,2,2,True,100.0,100.0,0.0,0.85,"Channel 2 has the earliest anomaly onset and highest intensity, suggesting it as the root cause. Channel 1 shows a later anomaly with the same breakdown type, indicating it may be affected by Channel 2.",OK
NA1_LAG50_011,NA1_LAG50,1.0,50.0,2,2,True,100.0,100.0,0.0,0.85,"Channel 2 shows the first anomaly at step 100 with a higher intensity, suggesting it as the root cause. Channel 4 shows a related anomaly later with the same breakdown type.",OK
NA1_LAG50_012,NA1_LAG50,1.0,50.0,5,5,True,100.0,100.0,0.0,0.85,"Channel 5 anomaly occurs first at step 100, potentially causing the anomaly in Channel 1 at step 150.",OK
NA1_LAG50_013,NA1_LAG50,1.0,50.0,3,3,True,100.0,100.0,0.0,0.85,"Channel 3 has the earliest anomaly onset and highest intensity, suggesting it as the root cause. Channel 2's anomaly occurs later and could be a consequence.",OK
NA1_LAG50_014,NA1_LAG50,1.0,50.0,3,3,True,100.0,100.0,0.0,0.85,"Channel 3 shows the first anomaly at step 100, and Channel 5 shows a similar anomaly later at step 150, suggesting it may be affected by Channel 3.",OK
NA1_LAG50_015,NA1_LAG50,1.0,50.0,1,1,True,100.0,100.0,0.0,0.85,"Channel 1 has the earliest anomaly onset and highest intensity, suggesting it as the root cause. Channel 2's anomaly occurs later and with lower intensity, indicating it may be a consequence.",OK
NA1_LAG50_016,NA1_LAG50,1.0,50.0,1,1,True,100.0,100.0,0.0,0.85,"Channel 1 has the earliest anomaly onset and highest intensity, suggesting it as the root cause. Channel 5 shows a similar breakdown type with a delayed onset, indicating it may be affected.",OK
NA1_LAG50_017,NA1_LAG50,1.0,50.0,2,2,True,100.0,100.0,0.0,0.85,"Channel 2 shows the first anomaly at step 100 with a higher intensity, suggesting it as the root cause. Channel 5 shows a related anomaly later, possibly as a consequence.",OK
NA1_LAG50_018,NA1_LAG50,1.0,50.0,5,5,True,100.0,100.0,0.0,0.85,"Channel 5 shows the earliest anomaly onset at step 100 with the same breakdown type and intensity as Channel 1, suggesting it as the root cause. Channel 1 is affected due to the same breakdown type and intensity appearing later.",OK
NA1_LAG50_019,NA1_LAG50,1.0,50.0,4,4,True,100.0,100.0,0.0,0.85,"Channel 4 shows the earliest anomaly onset at step 100, potentially causing the anomaly in Channel 1 at step 150.",OK
NA1_LAG50_020,NA1_LAG50,1.0,50.0,6,6,True,100.0,100.0,0.0,0.85,"Channel 6 has the earliest anomaly onset and highest intensity, suggesting it as the root cause. Channel 5's anomaly occurs later and with lower intensity, indicating it may be a consequence.",OK
NA1_LAG50_021,NA1_LAG50,1.0,50.0,5,5,True,100.0,100.0,0.0,0.85,"Channel 5 shows the first anomaly at step 100, followed by Channel 6 at step 150 with the same breakdown type and intensity, suggesting Channel 6 is affected by Channel 5.",OK
NA1_LAG50_022,NA1_LAG50,1.0,50.0,5,5,True,100.0,100.0,0.0,0.85,"Channel 5 has the earliest anomaly onset and highest intensity, suggesting it as the root cause. Channel 1's later onset and lower intensity suggest it is affected by Channel 5.",OK
NA1_LAG50_023,NA1_LAG50,1.0,50.0,4,4,True,100.0,100.0,0.0,0.85,"Channel 4 has the earliest anomaly onset and highest intensity, suggesting it as the root cause. Channel 1's later onset and lower intensity suggest it is affected by Channel 4.",OK
NA1_LAG50_024,NA1_LAG50,1.0,50.0,1,1,True,100.0,100.0,0.0,0.85,"Channel 1 has the earliest anomaly onset and highest intensity, suggesting it as the root cause. Channel 3 shows a related anomaly with the same breakdown type after a delay.",OK
NA1_LAG50_025,NA1_LAG50,1.0,50.0,3,3,True,100.0,100.0,0.0,0.85,"Channel 3 shows the earliest anomaly onset at step 100, potentially causing the anomaly in Channel 2 at step 150.",OK
NA1_LAG50_026,NA1_LAG50,1.0,50.0,3,3,True,100.0,100.0,0.0,0.85,"Channel 3 has the earliest anomaly onset and highest intensity, suggesting it as the root cause. Channel 2's anomaly occurs later, possibly as a consequence.",OK
NA1_LAG50_027,NA1_LAG50,1.0,50.0,6,6,True,100.0,100.0,0.0,0.85,"Channel 6 has the earliest anomaly onset and highest intensity, suggesting it as the root cause. Channel 5's anomaly occurs later and with lower intensity, indicating it may be a consequence.",OK
NA1_LAG50_028,NA1_LAG50,1.0,50.0,5,5,True,100.0,100.0,0.0,0.85,"Channel 5 shows the earliest anomaly onset at step 100, potentially causing the anomaly in Channel 4 at step 150.",OK
NA1_LAG50_029,NA1_LAG50,1.0,50.0,1,1,True,100.0,100.0,0.0,0.85,"Channel 1 has the earliest anomaly onset and highest intensity, suggesting it as the root cause. Channel 5's later anomaly may be a consequence.",OK
NA2_LAG10_000,NA2_LAG10,2.0,10.0,4,4,True,100.0,100.0,0.0,0.85,"Channel 4 has the earliest anomaly onset and highest intensity, suggesting it as the root cause. Channels 2 and 6 have similar onset times and lower intensities, indicating they may be affected by Channel 4.",OK
NA2_LAG10_001,NA2_LAG10,2.0,10.0,1,1,True,100.0,100.0,0.0,0.85,"Channel 1 is the first to show an anomaly at step 100, with subsequent anomalies in Channels 4 and 5 at step 110, suggesting a causal relationship.",OK
NA2_LAG10_002,NA2_LAG10,2.0,10.0,2,2,True,100.0,100.0,0.0,0.85,"Channel 2 is the first to show an anomaly at step 100, followed by Channels 3 and 6 at step 110 with the same breakdown type and intensity.",OK
NA2_LAG10_003,NA2_LAG10,2.0,10.0,2,2,True,100.0,100.0,0.0,0.85,"Channel 2 has the earliest anomaly onset and highest intensity, suggesting it as the root cause. Channels 1 and 6 have similar onset times and intensities, indicating they may be affected by Channel 2.",OK
NA2_LAG10_004,NA2_LAG10,2.0,10.0,5,5,True,100.0,100.0,0.0,0.85,"Channel 5 shows the earliest anomaly onset at step 100 with a breakdown type C2, which matches Channel 1's breakdown type and onset shortly after. Channel 6, although different in breakdown type, shows a delayed response at the same time as Channel 1.",OK
NA2_LAG10_005,NA2_LAG10,2.0,10.0,3,3,True,100.0,100.0,0.0,0.85,"Channel 3 has the earliest anomaly onset with the highest intensity, suggesting it as the root cause. Channels 1 and 6 show anomalies of the same type shortly after.",OK
NA2_LAG10_006,NA2_LAG10,2.0,10.0,3,3,True,100.0,100.0,0.0,0.85,"Channel 3 is the first to show an anomaly at step 100, followed by channels 4 and 6 at step 110, suggesting a causal relationship.",OK
NA2_LAG10_007,NA2_LAG10,2.0,10.0,5,5,True,100.0,100.0,0.0,0.85,"Channel 5 shows the earliest anomaly onset at step 100 with breakdown type C2 and intensity 1.0, suggesting it as the root cause. Channels 3 and 6 show similar breakdown types and intensities after channel 5, indicating they are affected.",OK
NA2_LAG10_008,NA2_LAG10,2.0,10.0,6,6,True,100.0,100.0,0.0,0.85,"Channel 6 shows the earliest onset of the same breakdown type with high intensity, suggesting it as the root cause. Channels 1 and 4 show the same breakdown type after Channel 6, indicating they are affected.",OK
NA2_LAG10_009,NA2_LAG10,2.0,10.0,3,3,True,100.0,100.0,0.0,0.85,"Channel 3 has the earliest anomaly onset with the highest intensity, suggesting it as the root cause. Channels 2 and 5 have similar breakdown types and onset times, indicating they are affected.",OK
NA2_LAG10_010,NA2_LAG10,2.0,10.0,4,4,True,100.0,100.0,0.0,0.85,"Channel 4 has the earliest onset and highest intensity, suggesting it as the root cause. Channels 3 and 6 show anomalies shortly after with related breakdown types.",OK
NA2_LAG10_011,NA2_LAG10,2.0,10.0,1,1,True,100.0,100.0,0.0,0.85,"Channel 1 has the earliest anomaly onset and highest intensity, suggesting it as the root cause. Channels 2 and 5 share the same breakdown type as Channel 1 and become anomalous shortly after, indicating they are affected. Channels 3, 4, and 6 show no anomalies.",OK
NA2_LAG10_012,NA2_LAG10,2.0,10.0,2,2,True,100.0,100.0,0.0,0.85,"Channel 2 has the earliest anomaly onset and highest intensity, suggesting it as the root cause. Channels 1 and 4 have similar breakdown types and onset times, indicating they are affected.",OK
NA2_LAG10_013,NA2_LAG10,2.0,10.0,2,2,True,100.0,100.0,0.0,0.85,"Channel 2 shows the earliest anomaly onset with a high intensity, suggesting it as the root cause. Channels 3 and 6 show anomalies shortly after, likely as a consequence.",OK
NA2_LAG10_014,NA2_LAG10,2.0,10.0,1,1,True,100.0,100.0,0.0,0.85,"Channel 1 is the first to show an anomaly at step 100, followed by Channels 2 and 4 at step 110, suggesting a causal relationship.",OK
NA2_LAG10_015,NA2_LAG10,2.0,10.0,3,3,True,100.0,100.0,0.0,0.85,"Channel 3 shows the earliest anomaly onset at step 100, with subsequent anomalies in channels 4 and 6 at step 110, suggesting a propagation from channel 3.",OK
NA2_LAG10_016,NA2_LAG10,2.0,10.0,4,4,True,100.0,100.0,0.0,0.85,"Channel 4 shows the earliest anomaly onset with the highest intensity, suggesting it as the root cause. Channels 1 and 2 have the same breakdown type and onset shortly after, indicating they are affected.",OK
NA2_LAG10_017,NA2_LAG10,2.0,10.0,1,1,True,100.0,100.0,0.0,0.85,"Channel 1 has the earliest anomaly onset and highest intensity, suggesting it as the root cause. Channels 2 and 4 show anomalies shortly after, likely as a consequence.",OK
NA2_LAG10_018,NA2_LAG10,2.0,10.0,6,6,True,100.0,100.0,0.0,0.85,"Channel 6 has the earliest anomaly onset and highest intensity, suggesting it as the root cause. Channels 1 and 4 have the same onset time and similar intensity, indicating they are affected.",OK
NA2_LAG10_019,NA2_LAG10,2.0,10.0,3,3,True,100.0,100.0,0.0,0.95,"Channel 3 shows the earliest anomaly onset at step 100 with a higher intensity, suggesting it as the root cause. Channels 4 and 6 show similar breakdown types and intensities shortly after, indicating they are affected.",OK
NA2_LAG10_020,NA2_LAG10,2.0,10.0,6,6,True,100.0,100.0,0.0,0.85,"Channel 6 has the earliest anomaly onset and highest intensity, suggesting it as the root cause. Channels 3 and 4 show anomalies with the same breakdown types shortly after.",OK
NA2_LAG10_021,NA2_LAG10,2.0,10.0,5,5,True,100.0,100.0,0.0,0.85,"Channel 5 shows the earliest anomaly onset and highest intensity, suggesting it as the root cause. Channels 1 and 3 have the same breakdown type and onset shortly after, indicating they are affected.",OK
NA2_LAG10_022,NA2_LAG10,2.0,10.0,5,5,True,100.0,100.0,0.0,0.85,"Channel 5 has the earliest anomaly onset and highest intensity, suggesting it as the root cause. Channels 1 and 3 have the same breakdown type and onset shortly after, indicating they are affected.",OK
NA2_LAG10_023,NA2_LAG10,2.0,10.0,1,1,True,100.0,100.0,0.0,0.85,"Channel 1 is the first to show an anomaly at step 100, followed by Channels 3 and 4 at step 110 with similar breakdown types, suggesting a causal relationship.",OK
NA2_LAG10_024,NA2_LAG10,2.0,10.0,1,1,True,100.0,100.0,0.0,0.85,"Channel 1 is the first to show an anomaly at step 100, with Channels 3 and 4 showing anomalies shortly after, suggesting they are affected by Channel 1.",OK
NA2_LAG10_025,NA2_LAG10,2.0,10.0,6,6,True,100.0,100.0,0.0,0.85,"Channel 6 shows the earliest anomaly onset at step 100, potentially causing subsequent anomalies in Channels 1 and 3 at step 110.",OK
NA2_LAG10_026,NA2_LAG10,2.0,10.0,5,5,True,100.0,100.0,0.0,0.85,"Channel 5 shows the earliest anomaly onset at step 100 with high intensity, suggesting it as the root cause. Channels 3 and 4 show anomalies starting at step 110, likely as a consequence.",OK
NA2_LAG10_027,NA2_LAG10,2.0,10.0,5,5,True,100.0,100.0,0.0,0.85,"Channel 5 shows the earliest anomaly onset at step 100 with high intensity, suggesting it as the root cause. Channels 2 and 4 show anomalies starting at step 110, likely as a consequence.",OK
NA2_LAG10_028,NA2_LAG10,2.0,10.0,4,4,True,100.0,100.0,0.0,0.85,"Channel 4 shows the earliest anomaly onset at step 100 with breakdown type C1, which is also present in Channel 3 at step 110. Channel 2 has a different breakdown type (C4) but starts at the same time as Channel 3, suggesting a possible consequence. Channels 1, 5, and 6 show no anomalies.",OK
NA2_LAG10_029,NA2_LAG10,2.0,10.0,5,5,True,100.0,100.0,0.0,0.85,"Channel 5 has the earliest anomaly onset and highest intensity, suggesting it as the root cause. Channels 2 and 6 have similar onset times and lower intensities, indicating they may be affected by Channel 5.",OK
NA2_LAG50_000,NA2_LAG50,2.0,50.0,2,2,True,100.0,100.0,0.0,0.85,"Channel 2 shows the earliest anomaly onset and has a higher intensity, suggesting it as the root cause. Channels 5 and 6 show anomalies later with the same breakdown type as Channel 2, indicating they are affected.",OK
NA2_LAG50_001,NA2_LAG50,2.0,50.0,2,2,True,100.0,100.0,0.0,0.85,"Channel 2 is the first to show an anomaly at step 100, potentially causing subsequent anomalies in channels 4 and 6 at step 150.",OK
NA2_LAG50_002,NA2_LAG50,2.0,50.0,3,3,True,100.0,100.0,0.0,0.85,"Channel 3 shows the earliest anomaly onset with the same breakdown type as Channel 2, suggesting it as the root cause. Channel 4's different breakdown type and lower intensity suggest a secondary effect.",OK
NA2_LAG50_003,NA2_LAG50,2.0,50.0,6,6,True,100.0,100.0,0.0,0.85,"Channel 6 shows the earliest anomaly onset at step 100, potentially causing subsequent anomalies in Channels 2 and 3 at step 150.",OK
NA2_LAG50_004,NA2_LAG50,2.0,50.0,5,5,True,100.0,100.0,0.0,0.85,"Channel 5 shows the earliest anomaly onset at step 100 with high intensity, suggesting it as the root cause. Channels 2 and 3 show anomalies at step 150, likely as a consequence.",OK
NA2_LAG50_005,NA2_LAG50,2.0,50.0,1,1,True,100.0,100.0,0.0,0.85,"Channel 1 has the earliest anomaly onset and highest intensity, suggesting it as the root cause. Channels 2 and 6 share the same breakdown type and onset time, indicating they are affected.",OK
NA2_LAG50_006,NA2_LAG50,2.0,50.0,3,3,True,100.0,100.0,0.0,0.85,"Channel 3 has the earliest anomaly onset with high intensity, suggesting it as the root cause. Channels 1 and 6 show anomalies after Channel 3, indicating they may be affected.",OK
NA2_LAG50_007,NA2_LAG50,2.0,50.0,3,3,True,100.0,100.0,0.0,0.85,"Channel 3 shows the earliest anomaly onset with a breakdown type C3, which matches Channel 1's breakdown type. Channel 6 shows a different breakdown type but starts at the same time as Channel 1, suggesting it is affected. Channels 2, 4, and 5 show no anomalies.",OK
NA2_LAG50_008,NA2_LAG50,2.0,50.0,3,3,True,100.0,100.0,0.0,0.85,"Channel 3 has the earliest anomaly onset with the highest intensity, suggesting it as the root cause. Channels 1 and 4 show anomalies later, possibly as a consequence.",OK
NA2_LAG50_009,NA2_LAG50,2.0,50.0,6,6,True,100.0,100.0,0.0,0.85,"Channel 6 shows the earliest anomaly onset at step 100, potentially causing subsequent anomalies in Channels 2 and 3 at step 150.",OK
NA2_LAG50_010,NA2_LAG50,2.0,50.0,5,5,True,100.0,100.0,0.0,0.85,"Channel 5 shows the earliest anomaly onset at step 100 with breakdown type C4, which matches the breakdown type of Channel 2. Channel 6, although with a different breakdown type, starts at the same time as Channel 2, suggesting a possible consequence. Channels 1, 3, and 4 show no anomalies.",OK
NA2_LAG50_011,NA2_LAG50,2.0,50.0,2,2,True,100.0,100.0,0.0,0.85,"Channel 2 shows the earliest anomaly onset at step 100 with a breakdown type C1, which is also present in Channel 3. Channel 1's anomaly occurs later and is of a different type, suggesting it is affected by Channel 2.",OK
NA2_LAG50_012,NA2_LAG50,2.0,50.0,5,1,False,100.0,150.0,50.0,0.85,"Channel 1 and Channel 6 have the same breakdown type C4 starting at the same time, but Channel 1 has higher intensity, suggesting it as the root cause. Channel 5 has a different breakdown type and earlier onset, indicating it is unrelated.",OK
NA2_LAG50_013,NA2_LAG50,2.0,50.0,1,1,True,100.0,100.0,0.0,0.85,"Channel 1 shows the earliest anomaly onset with the highest intensity, suggesting it as the root cause. Channels 5 and 6 show anomalies of the same type later, indicating they are affected.",OK
NA2_LAG50_014,NA2_LAG50,2.0,50.0,1,1,True,100.0,100.0,0.0,0.85,"Channel 1 shows the earliest anomaly onset with a high intensity, suggesting it as the root cause. Channel 5 shares the same breakdown type and becomes anomalous later, indicating it is affected. Channels 2, 3, 4, and 6 show no related anomalies.",OK
NA2_LAG50_015,NA2_LAG50,2.0,50.0,5,5,True,100.0,100.0,0.0,0.85,"Channel 5 shows the earliest anomaly onset at step 100 with high intensity, suggesting it as the root cause. Channels 2 and 4 show anomalies at step 150, likely as a consequence.",OK
NA2_LAG50_016,NA2_LAG50,2.0,50.0,6,6,True,100.0,100.0,0.0,0.85,"Channel 6 has the earliest anomaly onset and highest intensity, suggesting it as the root cause. Channels 3 and 4 show anomalies at a later time with similar breakdown types, indicating they are affected.",OK
NA2_LAG50_017,NA2_LAG50,2.0,50.0,5,5,True,100.0,100.0,0.0,0.85,"Channel 5 shows the earliest anomaly onset at step 100 with maximum intensity, suggesting it as the root cause. Channels 2 and 3 become anomalous at step 150, likely as a consequence.",OK
NA2_LAG50_018,NA2_LAG50,2.0,50.0,5,5,True,100.0,100.0,0.0,0.85,"Channel 5 shows the earliest anomaly onset at step 100 with a high intensity, suggesting it as the root cause. Channels 2 and 3 show anomalies at step 150, likely as a consequence.",OK
NA2_LAG50_019,NA2_LAG50,2.0,50.0,6,6,True,100.0,100.0,0.0,0.85,"Channel 6 shows the earliest anomaly onset at step 100, potentially causing subsequent anomalies in channels 3 and 5 at step 150.",OK
NA2_LAG50_020,NA2_LAG50,2.0,50.0,5,5,True,100.0,100.0,0.0,0.95,"Channel 5 shows the earliest anomaly onset at step 100 with high intensity, suggesting it as the root cause. Channels 1 and 4 show anomalies at step 150 with the same breakdown type, indicating they are affected. Channels 2, 3, and 6 show no anomalies.",OK
NA2_LAG50_021,NA2_LAG50,2.0,50.0,2,2,True,100.0,100.0,0.0,0.85,"Channel 2 is the first to show an anomaly at step 100, followed by Channels 3 and 4 at step 150 with the same breakdown type and intensity, suggesting they are affected by Channel 2.",OK
NA2_LAG50_022,NA2_LAG50,2.0,50.0,5,5,True,100.0,100.0,0.0,0.85,"Channel 5 shows the earliest anomaly onset at step 100 with a high intensity, suggesting it as the root cause. Channel 1 and 3 anomalies occur later and may be consequences.",OK
NA2_LAG50_023,NA2_LAG50,2.0,50.0,6,6,True,100.0,100.0,0.0,0.85,"Channel 6 shows the earliest anomaly onset at step 100, potentially causing subsequent anomalies in channels 2 and 5 at step 150.",OK
NA2_LAG50_024,NA2_LAG50,2.0,50.0,5,5,True,100.0,100.0,0.0,0.85,"Channel 5 shows the earliest anomaly onset at step 100 with high intensity, suggesting it as the root cause. Channels 1 and 4 show anomalies at step 150, potentially as a consequence.",OK
NA2_LAG50_025,NA2_LAG50,2.0,50.0,1,1,True,100.0,100.0,0.0,0.85,"Channel 1 is the first to show an anomaly at step 100, with Channels 4 and 6 showing anomalies later, possibly as a consequence.",OK
NA2_LAG50_026,NA2_LAG50,2.0,50.0,1,1,True,100.0,100.0,0.0,0.85,"Channel 1 is the earliest anomaly with highest intensity, suggesting it as the root cause. Channels 4 and 6 show anomalies after Channel 1, possibly as a consequence.",OK
NA2_LAG50_027,NA2_LAG50,2.0,50.0,4,4,True,100.0,100.0,0.0,0.85,"Channel 4 shows the earliest anomaly onset at step 100, potentially causing subsequent anomalies in Channels 1 and 2 at step 150.",OK
NA2_LAG50_028,NA2_LAG50,2.0,50.0,4,4,True,100.0,100.0,0.0,0.85,"Channel 4 anomaly occurs first and matches the breakdown type and intensity of Channels 1 and 6, suggesting it as the root cause.",OK
NA2_LAG50_029,NA2_LAG50,2.0,50.0,6,6,True,100.0,100.0,0.0,0.85,"Channel 6 shows the earliest anomaly onset at step 100 with a high intensity, suggesting it as the root cause. Channels 1 and 5 show anomalies at step 150, likely as a consequence.",OK
NA3_LAG10_000,NA3_LAG10,3.0,10.0,4,4,True,100.0,100.0,0.0,0.85,"Channel 4 shows the earliest onset of a C2 anomaly, potentially triggering similar anomalies in Channels 1 and 3, and a different type in Channel 5.",OK
NA3_LAG10_001,NA3_LAG10,3.0,10.0,2,2,True,100.0,100.0,0.0,0.85,"Channel 2 is the first to show an anomaly at step 100, with other channels showing anomalies later and with similar breakdown types.",OK
NA3_LAG10_002,NA3_LAG10,3.0,10.0,4,4,True,100.0,100.0,0.0,0.85,"Channel 4 shows the earliest anomaly onset at step 100 with a high intensity, suggesting it as the root cause. Channels 1, 2, and 6 show anomalies at step 110, likely as a consequence.",OK
NA3_LAG10_003,NA3_LAG10,3.0,10.0,6,6,True,100.0,100.0,0.0,0.85,"Channel 6 shows the earliest anomaly onset at step 100 with a high intensity, suggesting it as the root cause. Channels 1, 3, and 5 show anomalies at step 110, likely as a consequence.",OK
NA3_LAG10_004,NA3_LAG10,3.0,10.0,6,6,True,100.0,100.0,0.0,0.85,"Channel 6 shows the earliest anomaly onset at step 100 with breakdown type C5, which matches the breakdown type of other affected channels.",OK
NA3_LAG10_005,NA3_LAG10,3.0,10.0,6,6,True,100.0,100.0,0.0,0.85,"Channel 6 shows the earliest anomaly onset at step 100 with a high intensity, suggesting it as the root cause. Channels 2, 3, and 4 show anomalies starting at step 110, likely as a consequence.",OK
NA3_LAG10_006,NA3_LAG10,3.0,10.0,3,3,True,100.0,100.0,0.0,0.95,"Channel 3 has the earliest anomaly onset and highest intensity, suggesting it as the root cause. Channels 2, 4, and 5 have similar onset times and lower intensities, indicating they are affected by Channel 3.",OK
NA3_LAG10_007,NA3_LAG10,3.0,10.0,6,6,True,100.0,100.0,0.0,0.85,"Channel 6 has the earliest anomaly onset and highest intensity, suggesting it as the root cause. Channels 1, 3, and 4 show anomalies at the same later time, likely as a consequence.",OK
NA3_LAG10_008,NA3_LAG10,3.0,10.0,1,1,True,100.0,100.0,0.0,0.85,"Channel 1 is the first to show an anomaly at step 100, with other channels showing anomalies at step 110, likely as a consequence.",OK
NA3_LAG10_009,NA3_LAG10,3.0,10.0,2,2,True,100.0,100.0,0.0,0.85,"Channel 2 is the first to show an anomaly at step 100, followed by other channels at step 110.",OK
NA3_LAG10_010,NA3_LAG10,3.0,10.0,2,2,True,100.0,100.0,0.0,0.85,"Channel 2 is the first to show an anomaly at step 100, followed by similar anomalies in Channels 3, 4, and 6 at step 110, suggesting a propagation from Channel 2.",OK
NA3_LAG10_011,NA3_LAG10,3.0,10.0,6,6,True,100.0,100.0,0.0,0.85,"Channel 6 shows the earliest anomaly onset at step 100 with a high intensity, suggesting it as the root cause. Channels 1, 3, and 4 show anomalies at step 110, likely as a consequence.",OK
NA3_LAG10_012,NA3_LAG10,3.0,10.0,3,3,True,100.0,100.0,0.0,0.95,"Channel 3 is the first to show an anomaly at step 100 with a higher intensity, suggesting it as the root cause. Channels 4, 5, and 6 show anomalies at step 110 with lower intensity, indicating they are affected by Channel 3.",OK
NA3_LAG10_013,NA3_LAG10,3.0,10.0,3,3,True,100.0,100.0,0.0,0.85,"Channel 3 anomaly onset is earliest at step 100, potentially causing subsequent anomalies in channels 1, 4, and 5 at step 110.",OK
NA3_LAG10_014,NA3_LAG10,3.0,10.0,4,4,True,100.0,100.0,0.0,0.85,"Channel 4 is the first to show an anomaly at step 100, with other channels showing anomalies at step 110, suggesting a propagation from channel 4.",OK
NA3_LAG10_015,NA3_LAG10,3.0,10.0,1,1,True,100.0,100.0,0.0,0.95,"Channel 1 has the earliest anomaly onset and highest intensity, suggesting it as the root cause. Channels 2, 3, and 5 show anomalies shortly after with similar breakdown types and intensities, indicating they are affected. Channels 4 and 6 show no anomalies.",OK
NA3_LAG10_016,NA3_LAG10,3.0,10.0,1,1,True,100.0,100.0,0.0,0.95,"Channel 1 is the first to show an anomaly at step 100, followed by channels 3, 4, and 6 at step 110 with the same breakdown type C2, suggesting they are affected by channel 1.",OK
NA3_LAG10_017,NA3_LAG10,3.0,10.0,5,5,True,100.0,100.0,0.0,0.85,"Channel 5 shows the earliest anomaly onset at step 100 with high intensity, suggesting it as the root cause. Channels 1, 2, and 3 show anomalies starting at step 110, likely as a consequence.",OK
NA3_LAG10_018,NA3_LAG10,3.0,10.0,2,2,True,100.0,100.0,0.0,0.85,"Channel 2 is the first to show an anomaly at step 100, with other channels showing anomalies at step 110, likely as a consequence.",OK
NA3_LAG10_019,NA3_LAG10,3.0,10.0,2,2,True,100.0,100.0,0.0,0.85,"Channel 2 anomaly onset is earliest and matches breakdown type with Channel 1. Channels 4 and 6 react at the same time as Channel 1, suggesting a delayed or indirect effect.",OK
NA3_LAG10_020,NA3_LAG10,3.0,10.0,2,2,True,100.0,100.0,0.0,0.85,"Channel 2 has the earliest anomaly onset and highest intensity, suggesting it as the root cause. Channels 1, 3, and 6 show anomalies after Channel 2, indicating they are affected.",OK
NA3_LAG10_021,NA3_LAG10,3.0,10.0,4,4,True,100.0,100.0,0.0,0.95,"Channel 4 has the earliest anomaly onset at step 100 with a high intensity of 1.0, suggesting it is the root cause. Channels 1, 5, and 6 have anomalies starting at step 110, likely as a consequence. Channels 2 and 3 show no anomalies.",OK
NA3_LAG10_022,NA3_LAG10,3.0,10.0,2,2,True,100.0,100.0,0.0,0.85,"Channel 2 has the earliest anomaly onset and highest intensity, suggesting it as the root cause. Channels 1, 4, and 5 have later onsets and lower intensities, indicating they may be affected by Channel 2.",OK
NA3_LAG10_023,NA3_LAG10,3.0,10.0,4,4,True,100.0,100.0,0.0,0.85,"Channel 4 shows the earliest anomaly onset at step 100 with high intensity, suggesting it as the root cause. Channels 1, 2, and 3 show anomalies starting at step 110, likely as a consequence.",OK
NA3_LAG10_024,NA3_LAG10,3.0,10.0,1,1,True,100.0,100.0,0.0,0.85,"Channel 1 is the first to show an anomaly at step 100, followed by other channels at step 110 with different breakdown types and similar intensities, suggesting a propagation.",OK
NA3_LAG10_025,NA3_LAG10,3.0,10.0,4,4,True,100.0,100.0,0.0,0.85,"Channel 4 shows the earliest anomaly onset at step 100, with a breakdown type C2 and intensity 1.0, which matches the breakdown type and intensity of channels 2 and 6 that follow at step 110. Channel 3 also shows an anomaly at step 110, albeit with a different breakdown type and lower intensity, suggesting a possible indirect effect.",OK
NA3_LAG10_026,NA3_LAG10,3.0,10.0,6,6,True,100.0,100.0,0.0,0.85,"Channel 6 shows the earliest anomaly onset at step 100, with a high intensity of 1.0, suggesting it as the root cause. Channels 2, 4, and 5 show anomalies starting at step 110, likely as a consequence.",OK
NA3_LAG10_027,NA3_LAG10,3.0,10.0,2,2,True,100.0,100.0,0.0,0.85,"Channel 2 is the first to show an anomaly at step 100, followed by other channels at step 110.",OK
NA3_LAG10_028,NA3_LAG10,3.0,10.0,6,6,True,100.0,100.0,0.0,0.95,"Channel 6 shows the earliest anomaly onset at step 100, with a breakdown type C3 and intensity 1.0. Channels 2, 3, and 5 show anomalies starting at step 110, suggesting they are affected by Channel 6. Channels 1 and 4 show no anomalies.",OK
NA3_LAG10_029,NA3_LAG10,3.0,10.0,5,5,True,100.0,100.0,0.0,0.95,"Channel 5 shows the earliest anomaly onset at step 100 with a breakdown type C3 and intensity 1.0, which matches the breakdown type and intensity of channels 2 and 4. Channel 3 shows a related anomaly with a different breakdown type but at the same onset as channels 2 and 4, suggesting a consequential effect. Channels 1 and 6 show no anomalies.",OK
NA3_LAG50_000,NA3_LAG50,3.0,50.0,2,2,True,100.0,100.0,0.0,0.85,"Channel 2 has the earliest anomaly onset and highest intensity, suggesting it as the root cause. Channels 1, 4, and 5 show anomalies after Channel 2, indicating they are affected. Channels 3 and 6 show no anomalies.",OK
NA3_LAG50_001,NA3_LAG50,3.0,50.0,1,1,True,100.0,100.0,0.0,0.85,"Channel 1 is the first to show an anomaly at step 100 with breakdown type C4, which is also seen in channels 3 and 4 at step 150. Channel 2 shows a different breakdown type C5 at step 150, possibly related but distinct.",OK
NA3_LAG50_002,NA3_LAG50,3.0,50.0,2,2,True,100.0,100.0,0.0,0.85,"Channel 2 is the first to show an anomaly at step 100 with breakdown_type C2, which matches the type in channels 4 and 5 at step 150.",OK
NA3_LAG50_003,NA3_LAG50,3.0,50.0,2,2,True,100.0,100.0,0.0,0.95,"Channel 2 has the earliest anomaly onset with the highest intensity, suggesting it as the root cause. Channels 1, 3, and 5 show similar breakdown types and onset times, indicating they are affected. Channels 4 and 6 show no anomalies.",OK
NA3_LAG50_004,NA3_LAG50,3.0,50.0,1,1,True,100.0,100.0,0.0,0.85,"Channel 1 is the earliest to show an anomaly, suggesting it as the root cause. Channels 3, 4, and 5 show anomalies at the same later time, indicating they may be affected by Channel 1.",OK
NA3_LAG50_005,NA3_LAG50,3.0,50.0,5,5,True,100.0,100.0,0.0,0.95,"Channel 5 shows the earliest anomaly onset at step 100, suggesting it as the root cause. Channels 2, 4, and 6 show anomalies at step 150, likely as a consequence. Channels 1 and 3 show no anomalies.",OK
NA3_LAG50_006,NA3_LAG50,3.0,50.0,6,6,True,100.0,100.0,0.0,0.85,"Channel 6 shows the earliest anomaly onset at step 100, potentially causing subsequent anomalies in channels 1, 3, and 4 at step 150.",OK
NA3_LAG50_007,NA3_LAG50,3.0,50.0,4,4,True,100.0,100.0,0.0,0.85,"Channel 4 shows the earliest anomaly onset at step 100, potentially causing subsequent anomalies in channels 3, 5, and 6 at step 150.",OK
NA3_LAG50_008,NA3_LAG50,3.0,50.0,6,6,True,100.0,100.0,0.0,0.85,"Channel 6 shows an earlier and more intense anomaly, suggesting it as the root cause. Channels 1, 3, and 4 show similar anomalies starting later, indicating they are affected.",OK
NA3_LAG50_009,NA3_LAG50,3.0,50.0,4,4,True,100.0,100.0,0.0,0.85,"Channel 4 shows the earliest anomaly onset at step 100 with high intensity, suggesting it as the root cause. Channels 1, 2, and 3 become anomalous at step 150, likely as a consequence.",OK
NA3_LAG50_010,NA3_LAG50,3.0,50.0,1,1,True,100.0,100.0,0.0,0.85,"Channel 1 is the first to show an anomaly at step 100, followed by channels 4, 5, and 6 at step 150, suggesting a propagation from channel 1.",OK
NA3_LAG50_011,NA3_LAG50,3.0,50.0,5,5,True,100.0,100.0,0.0,0.85,"Channel 5 shows the earliest anomaly onset at step 100, potentially causing subsequent anomalies in channels 2, 3, and 4 at step 150.",OK
NA3_LAG50_012,NA3_LAG50,3.0,50.0,3,3,True,100.0,100.0,0.0,0.85,"Channel 3 shows the earliest anomaly onset at step 100 with a high intensity, suggesting it as the root cause. Channels 1, 2, and 5 show anomalies at step 150, likely as a consequence.",OK
NA3_LAG50_013,NA3_LAG50,3.0,50.0,1,1,True,100.0,100.0,0.0,0.85,"Channel 1 has the earliest anomaly onset and highest intensity, suggesting it as the root cause. Channels 2, 3, and 6 show anomalies at the same later time step, indicating they are affected.",OK
NA3_LAG50_014,NA3_LAG50,3.0,50.0,5,5,True,100.0,100.0,0.0,0.85,"Channel 5 shows the earliest anomaly onset at step 100 with breakdown type C4, which matches the type in channels 1 and 2. Channel 6 shows a different breakdown type but starts at the same time as channels 1 and 2, suggesting a possible indirect effect.",OK
NA3_LAG50_015,NA3_LAG50,3.0,50.0,3,3,True,100.0,100.0,0.0,0.85,"Channel 3 shows the earliest anomaly onset at step 100 with the highest intensity, suggesting it as the root cause. Channels 2, 5, and 6 show anomalies at step 150, likely as a consequence.",OK
NA3_LAG50_016,NA3_LAG50,3.0,50.0,5,5,True,100.0,100.0,0.0,0.85,"Channel 5 shows the earliest anomaly onset at step 100, potentially triggering subsequent anomalies in channels 1, 4, and 6 at step 150.",OK
NA3_LAG50_017,NA3_LAG50,3.0,50.0,1,1,True,100.0,100.0,0.0,0.95,"Channel 1 shows the earliest anomaly onset and highest intensity, suggesting it as the root cause. Channels 2, 5, and 6 show anomalies at the same later time, likely as a consequence.",OK
NA3_LAG50_018,NA3_LAG50,3.0,50.0,6,6,True,100.0,100.0,0.0,0.85,"Channel 6 shows the earliest anomaly onset at step 100 with breakdown type C5, which matches the breakdown type of channels 1 and 5 that become anomalous at step 150. Channel 4 has a different breakdown type (C1) but also becomes anomalous at step 150, suggesting a possible indirect effect. Channels 2 and 3 show no anomalies.",OK
NA3_LAG50_019,NA3_LAG50,3.0,50.0,1,1,True,100.0,100.0,0.0,0.95,"Channel 1 is the first to show an anomaly at step 100, followed by similar anomalies in channels 2, 4, and 6 at step 150, suggesting a propagation from channel 1.",OK
NA3_LAG50_020,NA3_LAG50,3.0,50.0,5,5,True,100.0,100.0,0.0,0.85,"Channel 5 shows the earliest anomaly onset at step 100, potentially causing subsequent anomalies in channels 2, 4, and 6 at step 150.",OK
NA3_LAG50_021,NA3_LAG50,3.0,50.0,3,3,True,100.0,100.0,0.0,0.95,"Channel 3 shows the earliest onset of the same breakdown type with maximum intensity, suggesting it as the root cause. Channels 1, 2, and 5 show the same breakdown type at a later time, indicating they are affected. Channels 4 and 6 show no anomalies.",OK
NA3_LAG50_022,NA3_LAG50,3.0,50.0,4,4,True,100.0,100.0,0.0,0.85,"Channel 4 has the earliest anomaly onset and highest intensity, suggesting it as the root cause. Channels 3, 5, and 6 have later onsets and lower intensities, indicating they may be affected by Channel 4.",OK
NA3_LAG50_023,NA3_LAG50,3.0,50.0,3,3,True,100.0,100.0,0.0,0.85,"Channel 3 shows the earliest anomaly onset at step 100 with the highest intensity, suggesting it as the root cause. Channels 2, 4, and 6 show anomalies at step 150, likely as a consequence.",OK
NA3_LAG50_024,NA3_LAG50,3.0,50.0,6,6,True,100.0,100.0,0.0,0.95,"Channel 6 shows the earliest anomaly onset at step 100 with a high intensity of 1.0, suggesting it as the root cause. Channels 2, 3, and 4 show anomalies at step 150 with the same breakdown type and lower intensity, indicating they are affected by the root cause. Channels 1 and 5 show no anomalies.",OK
NA3_LAG50_025,NA3_LAG50,3.0,50.0,2,2,True,100.0,100.0,0.0,0.85,"Channel 2 has the earliest anomaly onset and highest intensity, suggesting it as the root cause. Channels 1, 3, and 5 have similar breakdown types and onset times, indicating they are affected.",OK
NA3_LAG50_026,NA3_LAG50,3.0,50.0,4,4,True,100.0,100.0,0.0,0.85,"Channel 4 shows the earliest anomaly onset at step 100 with the same breakdown type and intensity as channels 1 and 5, suggesting it as the root cause. Channel 6 shows a weaker response, indicating it may be affected. Channels 2 and 3 show no anomalies.",OK
NA3_LAG50_027,NA3_LAG50,3.0,50.0,3,3,True,100.0,100.0,0.0,0.85,"Channel 3 shows the earliest anomaly onset at step 100, potentially causing subsequent anomalies in channels 2, 5, and 6 at step 150.",OK
NA3_LAG50_028,NA3_LAG50,3.0,50.0,3,3,True,100.0,100.0,0.0,0.85,"Channel 3 shows the earliest onset of anomaly with the same breakdown type and maximum intensity, suggesting it as the root cause. Channels 1, 2, and 6 show anomalies at a later time with the same breakdown type, indicating they are affected. Channels 4 and 5 show no anomalies.",OK
NA3_LAG50_029,NA3_LAG50,3.0,50.0,2,2,True,100.0,100.0,0.0,0.95,"Channel 2 has the earliest anomaly onset and highest intensity, suggesting it as the root cause. Channels 1, 3, and 5 have similar breakdown types and onset times, indicating they are affected.",OK
NA4_LAG10_000,NA4_LAG10,4.0,10.0,4,4,True,100.0,100.0,0.0,0.85,"Channel 4 shows the earliest anomaly onset at step 100 with a high intensity, suggesting it as the root cause. Channels 1, 2, 5, and 6 show anomalies at step 110, likely as a consequence.",OK
NA4_LAG10_001,NA4_LAG10,4.0,10.0,5,5,True,100.0,100.0,0.0,0.85,"Channel 5 shows the earliest anomaly onset at step 100 with a breakdown type C4, which matches the breakdown type of channels 3, 4, and 6 that become anomalous at step 110. Channel 1 has a different breakdown type (C2), and channel 2 shows no anomaly.",OK
NA4_LAG10_002,NA4_LAG10,4.0,10.0,1,1,True,100.0,100.0,0.0,0.95,"Channel 1 is the first to show an anomaly at step 100 with a high intensity, followed by other channels at step 110.",OK
NA4_LAG10_003,NA4_LAG10,4.0,10.0,2,2,True,100.0,100.0,0.0,0.85,"Channel 2 shows the earliest anomaly onset with the same breakdown type and intensity as Channel 1, suggesting it as the root cause. Channels 4, 5, and 6 show anomalies at the same time as Channel 1, likely as a consequence.",OK
NA4_LAG10_004,NA4_LAG10,4.0,10.0,5,5,True,100.0,100.0,0.0,0.85,"Channel 5 shows the earliest anomaly onset at step 100 with a breakdown type C3, which matches the breakdown type of other channels that become anomalous at step 110, suggesting a propagation from channel 5.",OK
NA4_LAG10_005,NA4_LAG10,4.0,10.0,5,5,True,100.0,100.0,0.0,0.85,"Channel 5 has the earliest anomaly onset and highest intensity, suggesting it as the root cause. Channels 1, 2, 3, and 4 have a later onset and lower intensity, indicating they are affected by Channel 5. Channel 6 shows no anomaly.",OK
NA4_LAG10_006,NA4_LAG10,4.0,10.0,5,5,True,100.0,100.0,0.0,0.85,"Channel 5 shows the earliest anomaly onset at step 100 with a high intensity, suggesting it as the root cause. Other channels show anomalies at step 110, likely as a consequence.",OK
NA4_LAG10_007,NA4_LAG10,4.0,10.0,1,1,True,100.0,100.0,0.0,0.95,"Channel 1 is the first to show an anomaly at step 100, followed by others at step 110.",OK
NA4_LAG10_008,NA4_LAG10,4.0,10.0,1,1,True,100.0,100.0,0.0,0.85,"Channel 1 has the earliest anomaly onset and highest intensity, suggesting it as the root cause. Channels 2 and 4 share the same breakdown type and onset shortly after, indicating they are affected. Channels 3 and 6 have different breakdown types, and Channel 5 shows no anomaly.",OK
NA4_LAG10_009,NA4_LAG10,4.0,10.0,4,4,True,100.0,100.0,0.0,0.85,"Channel 4 shows the earliest anomaly onset at step 100, with other channels showing anomalies at step 110, suggesting they are affected by Channel 4.",OK
NA4_LAG10_010,NA4_LAG10,4.0,10.0,3,3,True,100.0,100.0,0.0,0.85,"Channel 3 is the first to show an anomaly at step 100, followed by other channels at step 110.",OK
NA4_LAG10_011,NA4_LAG10,4.0,10.0,5,5,True,100.0,100.0,0.0,0.85,"Channel 5 shows an anomaly earlier than others, potentially triggering subsequent anomalies in channels 1, 2, 3, and 4.",OK
NA4_LAG10_012,NA4_LAG10,4.0,10.0,3,3,True,100.0,100.0,0.0,0.85,"Channel 3 has the earliest anomaly onset with the highest intensity, suggesting it as the root cause. Other channels show anomalies at or after this onset.",OK
NA4_LAG10_013,NA4_LAG10,4.0,10.0,6,6,True,100.0,100.0,0.0,0.95,"Channel 6 has the earliest anomaly onset and highest intensity, suggesting it is the root cause. Other channels show anomalies at a later time with similar breakdown types and intensities, indicating they are affected by Channel 6.",OK
NA4_LAG10_014,NA4_LAG10,4.0,10.0,2,2,True,100.0,100.0,0.0,0.85,"Channel 2 has the earliest anomaly onset with the highest intensity, suggesting it as the root cause. Channels 1, 4, and 6 share the same breakdown type and onset time, indicating they are affected. Channel 5 has a different breakdown type, and Channel 3 shows no anomaly.",OK
NA4_LAG10_015,NA4_LAG10,4.0,10.0,1,1,True,100.0,100.0,0.0,0.85,"Channel 1 is the first to show an anomaly at step 100, followed by others at step 110.",OK
NA4_LAG10_016,NA4_LAG10,4.0,10.0,2,2,True,100.0,100.0,0.0,0.85,"Channel 2 has the earliest anomaly onset and highest intensity, suggesting it as the root cause. Channels 1, 3, 5, and 6 show anomalies shortly after, indicating they are affected. Channel 4 shows no anomaly.",OK
NA4_LAG10_017,NA4_LAG10,4.0,10.0,6,6,True,100.0,100.0,0.0,0.85,"Channel 6 shows the earliest anomaly onset at step 100, with a high intensity, suggesting it as the root cause. Other channels show anomalies starting at step 110, likely as a consequence.",OK
NA4_LAG10_018,NA4_LAG10,4.0,10.0,5,5,True,100.0,100.0,0.0,0.95,"Channel 5 has the earliest anomaly onset and highest intensity, suggesting it is the root cause. Channels 1, 2, and 3 have the same breakdown type and onset shortly after, indicating they are affected. Channel 6 has a different breakdown type, and Channel 4 shows no anomaly.",OK
NA4_LAG10_019,NA4_LAG10,4.0,10.0,5,5,True,100.0,100.0,0.0,0.85,"Channel 5 has the earliest anomaly onset at step 100, potentially triggering subsequent anomalies in channels 1-4 at step 110.",OK
NA4_LAG10_020,NA4_LAG10,4.0,10.0,2,2,True,100.0,100.0,0.0,0.85,"Channel 2 has the earliest anomaly onset and shares breakdown type C4 with Channels 4 and 5, which have delayed and weaker responses. Channel 1 has a different breakdown type but starts shortly after, suggesting a possible secondary effect. Channel 6 has a different breakdown type and onset time, indicating it is unrelated.",OK
NA4_LAG10_021,NA4_LAG10,4.0,10.0,1,1,True,100.0,100.0,0.0,0.85,"Channel 1 is the first to show an anomaly at step 100 with the highest intensity, suggesting it as the root cause. Channels 2, 3, 5, and 6 show anomalies at step 110, likely as a consequence.",OK
NA4_LAG10_022,NA4_LAG10,4.0,10.0,5,5,True,100.0,100.0,0.0,0.95,"Channel 5 shows the earliest anomaly onset with high intensity, suggesting it as the root cause. Channels 1, 2, 3, and 4 show anomalies starting at step 110, likely as a consequence. Channel 6 shows no anomaly.",OK
NA4_LAG10_023,NA4_LAG10,4.0,10.0,4,4,True,100.0,100.0,0.0,0.95,"Channel 4 has the earliest anomaly onset and highest intensity, suggesting it as the root cause. Other channels show anomalies at a later time with lower intensity.",OK
NA4_LAG10_024,NA4_LAG10,4.0,10.0,5,5,True,100.0,100.0,0.0,0.95,"Channel 5 has the earliest anomaly onset and highest intensity, suggesting it is the root cause. Other channels show anomalies at a later time with similar breakdown types and lower intensity.",OK
NA4_LAG10_025,NA4_LAG10,4.0,10.0,3,3,True,100.0,100.0,0.0,0.85,"Channel 3 shows the earliest anomaly onset at step 100, with other channels showing anomalies at step 110, suggesting a propagation from Channel 3.",OK
NA4_LAG10_026,NA4_LAG10,4.0,10.0,2,2,True,100.0,100.0,0.0,0.85,"Channel 2 has the earliest anomaly onset and highest intensity, suggesting it as the root cause. Channels 4 and 5 share the same breakdown type and onset time, indicating they are affected. Channels 1, 3, and 6 have different breakdown types or no anomaly.",OK
NA4_LAG10_027,NA4_LAG10,4.0,10.0,5,5,True,100.0,100.0,0.0,0.95,"Channel 5 has the earliest anomaly onset and highest intensity, suggesting it is the root cause. Other channels show anomalies at a later time with similar breakdown types and intensities.",OK
NA4_LAG10_028,NA4_LAG10,4.0,10.0,4,4,True,100.0,100.0,0.0,0.85,Channel 4 is the first to show an anomaly at step 100 with the same breakdown type C4 as most other channels.,OK
NA4_LAG10_029,NA4_LAG10,4.0,10.0,1,1,True,100.0,100.0,0.0,0.95,"Channel 1 has the earliest anomaly onset and highest intensity, suggesting it is the root cause. Channels 2, 4, 5, and 6 have simultaneous anomalies with lower intensity, indicating they are affected.",OK
NA4_LAG50_000,NA4_LAG50,4.0,50.0,3,3,True,100.0,100.0,0.0,0.85,"Channel 3 has the earliest anomaly onset and highest intensity, suggesting it as the root cause. Other channels show anomalies at a later time with similar breakdown types.",OK
NA4_LAG50_001,NA4_LAG50,4.0,50.0,4,4,True,100.0,100.0,0.0,0.85,"Channel 4 is the first to show an anomaly at step 100, potentially causing subsequent anomalies in other channels at step 150.",OK
NA4_LAG50_002,NA4_LAG50,4.0,50.0,4,4,True,100.0,100.0,0.0,0.85,"Channel 4 shows the earliest anomaly onset at step 100 with a high intensity, suggesting it as the root cause. Other channels show anomalies starting at step 150, likely as a consequence.",OK
NA4_LAG50_003,NA4_LAG50,4.0,50.0,4,4,True,100.0,100.0,0.0,0.85,"Channel 4 shows the earliest anomaly onset at step 100, potentially triggering subsequent anomalies in other channels at step 150.",OK
NA4_LAG50_004,NA4_LAG50,4.0,50.0,4,4,True,100.0,100.0,0.0,0.85,"Channel 4 shows the earliest anomaly onset at step 100 with a strong intensity, suggesting it as the root cause. Channels 1, 2, 3, and 5 show anomalies at step 150, likely as a consequence. Channel 6 shows no anomaly.",OK
NA4_LAG50_005,NA4_LAG50,4.0,50.0,5,5,True,100.0,100.0,0.0,0.95,"Channel 5 shows an earlier anomaly onset at step 100, while others start at step 150, indicating it as the root cause.",OK
NA4_LAG50_006,NA4_LAG50,4.0,50.0,2,2,True,100.0,100.0,0.0,0.85,"Channel 2 has the earliest anomaly onset and highest intensity, suggesting it as the root cause. Other channels show anomalies at a later time with varying intensities.",OK
NA4_LAG50_007,NA4_LAG50,4.0,50.0,1,1,True,100.0,100.0,0.0,0.95,"Channel 1 is the first to show an anomaly at step 100, with other channels showing anomalies at step 150, suggesting a propagation from Channel 1.",OK
NA4_LAG50_008,NA4_LAG50,4.0,50.0,3,3,True,100.0,100.0,0.0,0.85,"Channel 3 shows the earliest onset of the C4 anomaly type with full intensity, suggesting it as the root cause. Channels 1, 2, and 4 show the same breakdown type at a later time, indicating they are affected. Channel 5 has a different breakdown type, and Channel 6 shows no anomaly.",OK
NA4_LAG50_009,NA4_LAG50,4.0,50.0,5,5,True,100.0,100.0,0.0,0.85,"Channel 5 shows the earliest anomaly onset at step 100, potentially causing subsequent anomalies in channels 2, 3, and 4 at step 150. Channel 6 has a different breakdown type, suggesting it is unrelated.",OK
NA4_LAG50_010,NA4_LAG50,4.0,50.0,3,3,True,100.0,100.0,0.0,0.85,"Channel 3 shows the earliest anomaly onset at step 100 with breakdown type C5, which matches the breakdown type of other affected channels.",OK
NA4_LAG50_011,NA4_LAG50,4.0,50.0,5,5,True,100.0,100.0,0.0,0.85,"Channel 5 shows the earliest anomaly onset at step 100 with high intensity, suggesting it as the root cause. Channels 1, 2, 3, and 4 become anomalous at step 150, likely as a consequence. Channel 6 shows no anomaly.",OK
NA4_LAG50_012,NA4_LAG50,4.0,50.0,6,6,True,100.0,100.0,0.0,0.85,"Channel 6 shows the earliest anomaly onset at step 100, with a high intensity, suggesting it as the root cause. Other channels show anomalies starting at step 150, likely as a consequence.",OK
NA4_LAG50_013,NA4_LAG50,4.0,50.0,2,2,True,100.0,100.0,0.0,0.85,Channel 2 anomaly occurs first and shares breakdown type and intensity with other channels.,OK
NA4_LAG50_014,NA4_LAG50,4.0,50.0,5,5,True,100.0,100.0,0.0,0.95,"Channel 5 shows the earliest anomaly onset at step 100 with a high intensity, suggesting it as the root cause. Channels 1, 2, 3, and 4 show anomalies starting at step 150, likely as a consequence. Channel 6 shows no anomaly.",OK
NA4_LAG50_015,NA4_LAG50,4.0,50.0,4,4,True,100.0,100.0,0.0,0.85,"Channel 4 shows the earliest onset of anomaly with the same breakdown type C1 as channels 1, 3, and 5, suggesting it as the root cause. Channel 6 has a different breakdown type, and Channel 2 shows no anomaly.",OK
NA4_LAG50_016,NA4_LAG50,4.0,50.0,5,5,True,100.0,100.0,0.0,0.85,"Channel 5 shows the earliest anomaly onset at step 100 with high intensity, suggesting it as the root cause. Channels 1, 2, 3, and 6 show anomalies at step 150, likely as a consequence. Channel 4 shows no anomaly.",OK
NA4_LAG50_017,NA4_LAG50,4.0,50.0,5,5,True,100.0,100.0,0.0,0.85,"Channel 5 shows the earliest anomaly onset at step 100 with a high intensity, suggesting it as the root cause. Channels 1, 2, 3, and 6 show anomalies at step 150, likely as a consequence. Channel 4 shows no anomaly.",OK
NA4_LAG50_018,NA4_LAG50,4.0,50.0,2,2,True,100.0,100.0,0.0,0.85,"Channel 2 is the first to show an anomaly at step 100, while others follow at step 150, suggesting it as the root cause. Channels 5 and 6 have lower intensity, indicating a weaker reaction.",OK
NA4_LAG50_019,NA4_LAG50,4.0,50.0,4,4,True,100.0,100.0,0.0,0.85,"Channel 4 shows the earliest anomaly onset at step 100 with a high intensity, suggesting it as the root cause. Other channels show anomalies starting at step 150, likely as a consequence.",OK
NA4_LAG50_020,NA4_LAG50,4.0,50.0,4,4,True,100.0,100.0,0.0,0.85,"Channel 4 shows the earliest anomaly onset at step 100 with a high intensity, suggesting it as the root cause. Channels 1, 2, 3, and 6 show anomalies at step 150, likely as a consequence. Channel 5 shows no anomaly.",OK
NA4_LAG50_021,NA4_LAG50,4.0,50.0,3,3,True,100.0,100.0,0.0,0.85,"Channel 3 shows the earliest anomaly onset at step 100, with other channels showing anomalies at step 150, suggesting a propagation from Channel 3.",OK
NA4_LAG50_022,NA4_LAG50,4.0,50.0,5,5,True,100.0,100.0,0.0,0.85,"Channel 5 shows the earliest anomaly onset at step 100 with breakdown type C5, which is also present in channels 4 and 6 at step 150, suggesting a propagation of the anomaly.",OK
NA4_LAG50_023,NA4_LAG50,4.0,50.0,1,1,True,100.0,100.0,0.0,0.95,"Channel 1 is the first to show an anomaly at step 100, with other channels showing anomalies at step 150.",OK
NA4_LAG50_024,NA4_LAG50,4.0,50.0,5,5,True,100.0,100.0,0.0,0.95,"Channel 5 shows the earliest anomaly onset at step 100, with the same breakdown type as other channels that become anomalous at step 150.",OK
NA4_LAG50_025,NA4_LAG50,4.0,50.0,1,1,True,100.0,100.0,0.0,0.95,"Channel 1 is the first to show an anomaly at step 100, followed by other channels at step 150, suggesting it as the root cause.",OK
NA4_LAG50_026,NA4_LAG50,4.0,50.0,3,3,True,100.0,100.0,0.0,0.85,"Channel 3 is the first to show an anomaly at step 100, followed by others at step 150.",OK
NA4_LAG50_027,NA4_LAG50,4.0,50.0,5,5,True,100.0,100.0,0.0,0.85,"Channel 5 shows the earliest anomaly onset at step 100 with breakdown type C3, which matches the breakdown type of other channels that become anomalous at step 150.",OK
NA4_LAG50_028,NA4_LAG50,4.0,50.0,5,5,True,100.0,100.0,0.0,0.95,"Channel 5 shows the earliest anomaly onset at step 100 with high intensity, suggesting it as the root cause. Other channels show anomalies starting at step 150, likely as a consequence.",OK
NA4_LAG50_029,NA4_LAG50,4.0,50.0,4,4,True,100.0,100.0,0.0,0.85,"Channel 4 shows an early and intense anomaly at step 100, likely causing subsequent anomalies in other channels.",OK
NA5_LAG10_000,NA5_LAG10,5.0,10.0,5,5,True,100.0,100.0,0.0,0.95,"Channel 5 shows an earlier anomaly onset at step 100 compared to others at step 110, indicating it as the root cause. All other channels show anomalies at step 110, likely as a consequence.",OK
NA5_LAG10_001,NA5_LAG10,5.0,10.0,5,5,True,100.0,100.0,0.0,0.85,"Channel 5 shows the earliest anomaly onset at step 100 with high intensity, suggesting it as the root cause. Other channels show anomalies starting at step 110, likely as a consequence.",OK
NA5_LAG10_002,NA5_LAG10,5.0,10.0,6,6,True,100.0,100.0,0.0,0.85,"Channel 6 shows the earliest anomaly onset at step 100, with all other channels showing anomalies at step 110. The breakdown type C1 is common among most channels, suggesting a propagation from Channel 6.",OK
NA5_LAG10_003,NA5_LAG10,5.0,10.0,6,6,True,100.0,100.0,0.0,0.95,"Channel 6 shows an anomaly onset earlier than others, suggesting it as the root cause. All other channels show anomalies at the same later time, indicating they are affected.",OK
NA5_LAG10_004,NA5_LAG10,5.0,10.0,5,5,True,100.0,100.0,0.0,0.85,"Channel 5 shows the earliest anomaly onset at step 100 with a high intensity, suggesting it as the root cause. Channels 2, 3, and 4 share the same breakdown type and become anomalous at step 110, indicating they are affected. Channels 1 and 6 have different breakdown types and intensities, suggesting they are unrelated.",OK
NA5_LAG10_005,NA5_LAG10,5.0,10.0,3,3,True,100.0,100.0,0.0,0.95,"Channel 3 shows the earliest anomaly onset at step 100 with maximum intensity, suggesting it as the root cause. Other channels show anomalies starting at step 110, likely as a consequence.",OK
NA5_LAG10_006,NA5_LAG10,5.0,10.0,1,1,True,100.0,100.0,0.0,0.95,"Channel 1 is the first to show an anomaly at step 100, followed by others at step 110.",OK
NA5_LAG10_007,NA5_LAG10,5.0,10.0,1,1,True,100.0,100.0,0.0,0.95,"Channel 1 is the first to show an anomaly at step 100, followed by others at step 110.",OK
NA5_LAG10_008,NA5_LAG10,5.0,10.0,1,1,True,100.0,100.0,0.0,0.95,"Channel 1 is the first to show an anomaly at step 100 with a unique breakdown type and intensity, followed by other channels at step 110.",OK
NA5_LAG10_009,NA5_LAG10,5.0,10.0,5,5,True,100.0,100.0,0.0,0.85,"Channel 5 shows the earliest anomaly onset at step 100, potentially triggering subsequent anomalies in other channels at step 110.",OK
NA5_LAG10_010,NA5_LAG10,5.0,10.0,4,4,True,100.0,100.0,0.0,0.95,"Channel 4 shows an anomaly onset earlier than others, suggesting it as the root cause. All other channels show anomalies at the same later time step.",OK
NA5_LAG10_011,NA5_LAG10,5.0,10.0,3,3,True,100.0,100.0,0.0,0.95,"Channel 3 shows the earliest anomaly onset at step 100, with maximum intensity, suggesting it as the root cause. All other channels show anomalies starting at step 110, likely as a consequence.",OK
NA5_LAG10_012,NA5_LAG10,5.0,10.0,1,1,True,100.0,100.0,0.0,0.95,"Channel 1 is the first to show an anomaly at step 100, followed by others at step 110.",OK
NA5_LAG10_013,NA5_LAG10,5.0,10.0,2,2,True,100.0,100.0,0.0,0.95,"Channel 2 is the first to show an anomaly at step 100, followed by others at step 110.",OK
NA5_LAG10_014,NA5_LAG10,5.0,10.0,3,3,True,100.0,100.0,0.0,0.95,"Channel 3 shows the earliest anomaly onset at step 100 with high intensity, suggesting it as the root cause. All other channels show anomalies starting at step 110, indicating they are affected by Channel 3.",OK
NA5_LAG10_015,NA5_LAG10,5.0,10.0,2,2,True,100.0,100.0,0.0,0.95,"Channel 2 has the earliest anomaly onset and highest intensity, suggesting it as the root cause. Other channels show anomalies at or after this time with lower intensity.",OK
NA5_LAG10_016,NA5_LAG10,5.0,10.0,1,1,True,100.0,100.0,0.0,0.95,"Channel 1 shows the earliest anomaly onset and highest intensity, suggesting it as the root cause. Other channels show anomalies at a later time with lower intensity.",OK
NA5_LAG10_017,NA5_LAG10,5.0,10.0,6,6,True,100.0,100.0,0.0,0.95,"Channel 6 shows the earliest anomaly onset at step 100, with a high intensity of 1.0, suggesting it as the root cause. All other channels show anomalies starting at step 110, likely as a consequence.",OK
NA5_LAG10_018,NA5_LAG10,5.0,10.0,5,5,True,100.0,100.0,0.0,0.85,"Channel 5 shows an earlier anomaly onset at step 100 with high intensity, suggesting it as the root cause. Other channels show anomalies at step 110, likely as a consequence.",OK
NA5_LAG10_019,NA5_LAG10,5.0,10.0,3,3,True,100.0,100.0,0.0,0.85,"Channel 3 has the earliest anomaly onset and highest intensity, suggesting it as the root cause. Channels 4 and 5 share the same breakdown type and onset time, indicating they are affected. Channels 1, 2, and 6 have a different breakdown type, suggesting they are unrelated.",OK
NA5_LAG10_020,NA5_LAG10,5.0,10.0,3,3,True,100.0,100.0,0.0,0.95,"Channel 3 has the earliest anomaly onset and highest intensity, suggesting it is the root cause. Other channels show anomalies at or after step 110, likely as a consequence.",OK
NA5_LAG10_021,NA5_LAG10,5.0,10.0,1,1,True,100.0,100.0,0.0,0.95,"Channel 1 is the only channel with an earlier anomaly onset at step 100, while all others start at step 110.",OK
NA5_LAG10_022,NA5_LAG10,5.0,10.0,5,5,True,100.0,100.0,0.0,0.95,"Channel 5 has the earliest anomaly onset and highest intensity, suggesting it is the root cause. All other channels show anomalies at a later time with lower intensity.",OK
NA5_LAG10_023,NA5_LAG10,5.0,10.0,3,3,True,100.0,100.0,0.0,0.95,"Channel 3 has the earliest onset and highest intensity, suggesting it is the root cause. Channels 1, 2, and 4 have the same breakdown type and onset after Channel 3, indicating they are affected. Channels 5 and 6 have different breakdown types, suggesting they are unrelated.",OK
NA5_LAG10_024,NA5_LAG10,5.0,10.0,2,2,True,100.0,100.0,0.0,0.85,"Channel 2 has the earliest anomaly onset and highest intensity, suggesting it as the root cause. Channels 3, 5, and 6 share the same breakdown type and onset shortly after, indicating they are affected. Channels 1 and 4 have different breakdown types and lower intensity, suggesting they are unrelated.",OK
NA5_LAG10_025,NA5_LAG10,5.0,10.0,5,5,True,100.0,100.0,0.0,0.95,"Channel 5 shows an earlier onset and higher intensity, suggesting it as the root cause. Other channels show a simultaneous onset at a later time with lower intensity.",OK
NA5_LAG10_026,NA5_LAG10,5.0,10.0,3,3,True,100.0,100.0,0.0,0.95,"Channel 3 shows the earliest anomaly onset, suggesting it is the root cause. All other channels have the same breakdown type and onset shortly after.",OK
NA5_LAG10_027,NA5_LAG10,5.0,10.0,4,4,True,100.0,100.0,0.0,0.95,"Channel 4 has the earliest anomaly onset and highest intensity, suggesting it is the root cause. Other channels show anomalies at a later time with lower intensity.",OK
NA5_LAG10_028,NA5_LAG10,5.0,10.0,1,1,True,100.0,100.0,0.0,0.95,"Channel 1 is the first to show an anomaly at step 100, followed by others at step 110.",OK
NA5_LAG10_029,NA5_LAG10,5.0,10.0,6,6,True,100.0,100.0,0.0,0.95,"Channel 6 shows the earliest anomaly onset at step 100 with a high intensity, suggesting it as the root cause. All other channels show anomalies starting at step 110, likely as a consequence.",OK
NA5_LAG50_000,NA5_LAG50,5.0,50.0,4,4,True,100.0,100.0,0.0,0.95,"Channel 4 shows an anomaly onset earlier than others, suggesting it as the root cause. All other channels show anomalies at step 150, likely as a consequence.",OK
NA5_LAG50_001,NA5_LAG50,5.0,50.0,2,2,True,100.0,100.0,0.0,0.85,"Channel 2 is the first to show an anomaly at step 100, with other channels showing anomalies at step 150, likely as a consequence.",OK
NA5_LAG50_002,NA5_LAG50,5.0,50.0,4,4,True,100.0,100.0,0.0,0.9,"Channel 4 shows the earliest anomaly onset at step 100 with high intensity, suggesting it as the root cause. All other channels show anomalies starting at step 150, likely as a consequence.",OK
NA5_LAG50_003,NA5_LAG50,5.0,50.0,4,4,True,100.0,100.0,0.0,0.95,"Channel 4 shows an anomaly onset earlier than others with maximum intensity, suggesting it as the root cause.",OK
NA5_LAG50_004,NA5_LAG50,5.0,50.0,5,5,True,100.0,100.0,0.0,0.95,"Channel 5 shows an anomaly earlier than others with the same breakdown type and intensity, suggesting it as the root cause.",OK
NA5_LAG50_005,NA5_LAG50,5.0,50.0,1,1,True,100.0,100.0,0.0,0.95,"Channel 1 is the first to show an anomaly at step 100, with other channels showing anomalies at step 150, suggesting they are affected by Channel 1.",OK
NA5_LAG50_006,NA5_LAG50,5.0,50.0,5,5,True,100.0,100.0,0.0,0.95,"Channel 5 shows an anomaly onset earlier than others, suggesting it as the root cause. All other channels show anomalies starting at step 150, likely as a consequence.",OK
NA5_LAG50_007,NA5_LAG50,5.0,50.0,5,5,True,100.0,100.0,0.0,0.85,"Channel 5 shows the earliest anomaly onset at step 100 with a high intensity, suggesting it as the root cause. Channels 2 and 6 share the same breakdown type (C4) and onset time (150) as Channel 5, indicating they are affected. Channels 1, 3, and 4 have different breakdown types and onset times, suggesting they are unrelated.",OK
NA5_LAG50_008,NA5_LAG50,5.0,50.0,5,5,True,100.0,100.0,0.0,0.85,"Channel 5 shows an anomaly earlier than others at step 100, potentially causing subsequent anomalies in other channels at step 150.",OK
NA5_LAG50_009,NA5_LAG50,5.0,50.0,5,5,True,100.0,100.0,0.0,0.85,"Channel 5 shows an earlier anomaly onset at step 100 with a breakdown type C2, which matches the breakdown type of channels 3 and 4 that become anomalous at step 150. Channels 1, 2, and 6 have different breakdown types or intensities.",OK
NA5_LAG50_010,NA5_LAG50,5.0,50.0,1,1,True,100.0,100.0,0.0,0.95,"Channel 1 is the only channel with an anomaly onset before others, suggesting it as the root cause. All other channels show anomalies starting at step 150, likely as a consequence.",OK
NA5_LAG50_011,NA5_LAG50,5.0,50.0,4,4,True,100.0,100.0,0.0,0.95,"Channel 4 shows the earliest anomaly onset at step 100 with high intensity, suggesting it as the root cause. All other channels show anomalies starting at step 150, likely as a consequence.",OK
NA5_LAG50_012,NA5_LAG50,5.0,50.0,1,1,True,100.0,100.0,0.0,0.95,"Channel 1 is the first to show an anomaly at step 100, with other channels showing anomalies at step 150, suggesting they are affected by Channel 1.",OK
NA5_LAG50_013,NA5_LAG50,5.0,50.0,2,2,True,100.0,100.0,0.0,0.95,"Channel 2 shows the earliest anomaly onset at step 100, with a breakdown type C5 and intensity 1.0. Other channels show anomalies at step 150, likely as a consequence.",OK
NA5_LAG50_014,NA5_LAG50,5.0,50.0,2,2,True,100.0,100.0,0.0,0.95,"Channel 2 has the earliest anomaly onset and highest intensity, suggesting it as the root cause. Other channels show anomalies at a later time or with lower intensity.",OK
NA5_LAG50_015,NA5_LAG50,5.0,50.0,3,3,True,100.0,100.0,0.0,0.95,"Channel 3 shows the earliest anomaly onset at step 100 with high intensity, suggesting it as the root cause. All other channels show anomalies starting at step 150, likely as a consequence.",OK
NA5_LAG50_016,NA5_LAG50,5.0,50.0,2,2,True,100.0,100.0,0.0,0.95,"Channel 2 has the earliest anomaly onset and highest intensity, suggesting it as the root cause. All other channels show anomalies at or after step 100.",OK
NA5_LAG50_017,NA5_LAG50,5.0,50.0,2,2,True,100.0,100.0,0.0,0.95,"Channel 2 has the earliest anomaly onset and highest intensity, suggesting it as the root cause. All other channels show anomalies at or after this onset.",OK
NA5_LAG50_018,NA5_LAG50,5.0,50.0,4,4,True,100.0,100.0,0.0,0.95,"Channel 4 shows an anomaly onset earlier than others, suggesting it as the root cause. All other channels show anomalies at step 150, likely as a consequence.",OK
NA5_LAG50_019,NA5_LAG50,5.0,50.0,5,5,True,100.0,100.0,0.0,0.85,"Channel 5 shows the earliest anomaly onset at step 100, potentially causing subsequent anomalies in channels 2, 3, and 6, which share the same breakdown type C3. Channels 1 and 4 have different breakdown types and onset times.",OK
NA5_LAG50_020,NA5_LAG50,5.0,50.0,2,2,True,100.0,100.0,0.0,0.95,"Channel 2 has the earliest anomaly onset and highest intensity, suggesting it as the root cause. Other channels show anomalies at or after this onset.",OK
NA5_LAG50_021,NA5_LAG50,5.0,50.0,1,1,True,100.0,100.0,0.0,0.95,"Channel 1 is the first to show an anomaly at step 100 with the same breakdown type C5 as channels 2, 4, and 6, which become anomalous at step 150.",OK
NA5_LAG50_022,NA5_LAG50,5.0,50.0,3,3,True,100.0,100.0,0.0,0.95,"Channel 3 shows the earliest anomaly onset at step 100, suggesting it as the root cause. All other channels show anomalies starting at step 150, likely as a consequence.",OK
NA5_LAG50_023,NA5_LAG50,5.0,50.0,3,3,True,100.0,100.0,0.0,0.95,"Channel 3 shows the earliest anomaly onset at step 100 with a high intensity, suggesting it as the root cause. All other channels show anomalies starting at step 150, likely as a consequence.",OK
NA5_LAG50_024,NA5_LAG50,5.0,50.0,4,4,True,100.0,100.0,0.0,0.95,"Channel 4 shows an anomaly earlier than others with a high intensity, suggesting it as the root cause. Other channels show anomalies at the same later time with lower intensity.",OK
NA5_LAG50_025,NA5_LAG50,5.0,50.0,3,3,True,100.0,100.0,0.0,0.85,"Channel 3 shows the earliest onset of a high-intensity anomaly with breakdown_type C5, which matches the breakdown type of other high-intensity anomalies.",OK
NA5_LAG50_026,NA5_LAG50,5.0,50.0,3,3,True,100.0,100.0,0.0,0.95,"Channel 3 shows the earliest anomaly onset at step 100 with maximum intensity, suggesting it as the root cause. All other channels show anomalies starting at step 150, likely as a consequence.",OK
NA5_LAG50_027,NA5_LAG50,5.0,50.0,1,1,True,100.0,100.0,0.0,0.95,"Channel 1 is the only channel with an anomaly onset at step 100, earlier than others, suggesting it as the root cause. All other channels show anomalies starting at step 150, indicating they are affected by the root cause.",OK
NA5_LAG50_028,NA5_LAG50,5.0,50.0,1,1,True,100.0,100.0,0.0,0.95,"Channel 1 is the only channel with an anomaly onset before others, suggesting it as the root cause. All other channels show anomalies starting at step 150, indicating they are affected by the root cause.",OK
NA5_LAG50_029,NA5_LAG50,5.0,50.0,5,5,True,100.0,100.0,0.0,0.95,"Channel 5 shows an earlier anomaly onset at step 100 with high intensity, suggesting it as the root cause. All other channels show anomalies starting at step 150.",OK
NORMAL_000,NORMAL,,,none,none,True,,,,1.0,No anomalies detected in any channel.,OK
NORMAL_001,NORMAL,,,none,none,True,,,,1.0,No anomalies detected in any channel.,OK
NORMAL_002,NORMAL,,,none,none,True,,,,1.0,No anomalies detected in any channel.,OK
NORMAL_003,NORMAL,,,none,none,True,,,,1.0,No anomalies detected in any channel.,OK
NORMAL_004,NORMAL,,,none,none,True,,,,1.0,No anomalies detected in any channel.,OK
NORMAL_005,NORMAL,,,none,none,True,,,,1.0,No anomalies detected in any channel.,OK
NORMAL_006,NORMAL,,,none,none,True,,,,1.0,No anomalies detected in any channel.,OK
NORMAL_007,NORMAL,,,none,none,True,,,,1.0,No anomalies detected in any channel.,OK
NORMAL_008,NORMAL,,,none,none,True,,,,1.0,No anomalies detected in any channel.,OK
NORMAL_009,NORMAL,,,none,none,True,,,,1.0,No anomalies detected in any channel.,OK
NORMAL_010,NORMAL,,,none,none,True,,,,1.0,No anomalies detected in any channel.,OK
NORMAL_011,NORMAL,,,none,none,True,,,,1.0,No anomalies detected in any channel.,OK
NORMAL_012,NORMAL,,,none,none,True,,,,1.0,No anomalies detected in any channel.,OK
NORMAL_013,NORMAL,,,none,none,True,,,,1.0,No anomalies detected in any channel.,OK
NORMAL_014,NORMAL,,,none,none,True,,,,1.0,No anomalies detected in any channel.,OK
NORMAL_015,NORMAL,,,none,none,True,,,,1.0,No anomalies detected in any channel.,OK
NORMAL_016,NORMAL,,,none,none,True,,,,1.0,No anomalies detected in any channel.,OK
NORMAL_017,NORMAL,,,none,none,True,,,,1.0,No anomalies detected in any channel.,OK
NORMAL_018,NORMAL,,,none,none,True,,,,1.0,No anomalies detected in any channel.,OK
NORMAL_019,NORMAL,,,none,none,True,,,,1.0,No anomalies detected in any channel.,OK
NORMAL_020,NORMAL,,,none,none,True,,,,1.0,No anomalies detected in any channel.,OK
NORMAL_021,NORMAL,,,none,none,True,,,,1.0,No anomalies detected in any channel.,OK
NORMAL_022,NORMAL,,,none,none,True,,,,1.0,No anomalies detected in any channel.,OK
NORMAL_023,NORMAL,,,none,none,True,,,,1.0,No anomalies detected in any channel.,OK
NORMAL_024,NORMAL,,,none,none,True,,,,1.0,No anomalies detected in any channel.,OK
NORMAL_025,NORMAL,,,none,none,True,,,,1.0,No anomalies detected in any channel.,OK
NORMAL_026,NORMAL,,,none,none,True,,,,1.0,No anomalies detected in any channel.,OK
NORMAL_027,NORMAL,,,none,none,True,,,,1.0,No anomalies detected in any channel.,OK
NORMAL_028,NORMAL,,,none,none,True,,,,1.0,No anomalies detected in any channel.,OK
NORMAL_029,NORMAL,,,none,none,True,,,,1.0,No anomalies detected in any channel.,OK
